coin,time_ms,open,high,low,close,volume,time
xyz:BRENTOIL,1772640000000,81.1,81.502,80.716,81.05,3581.49,2026-03-04 16:00:00+00:00
xyz:BRENTOIL,1772643600000,81.05,81.792,81.05,81.629,5349.84,2026-03-04 17:00:00+00:00
xyz:BRENTOIL,1772647200000,81.677,81.804,81.345,81.44,1289.27,2026-03-04 18:00:00+00:00
xyz:BRENTOIL,1772650800000,81.47,81.47,80.981,81.214,4544.45,2026-03-04 19:00:00+00:00
xyz:BRENTOIL,1772654400000,81.222,81.946,81.222,81.612,1179.93,2026-03-04 20:00:00+00:00
xyz:BRENTOIL,1772658000000,81.782,82.57,81.782,82.57,205.46,2026-03-04 21:00:00+00:00
xyz:BRENTOIL,1772661600000,81.904,82.849,81.798,82.842,56.92,2026-03-04 22:00:00+00:00
xyz:BRENTOIL,1772665200000,82.609,82.609,82.32,82.325,319.67,2026-03-04 23:00:00+00:00
xyz:BRENTOIL,1772668800000,82.337,82.337,82.081,82.205,7488.66,2026-03-05 00:00:00+00:00
xyz:BRENTOIL,1772672400000,82.293,83.521,82.281,83.086,6572.17,2026-03-05 01:00:00+00:00
xyz:BRENTOIL,1772676000000,83.426,83.861,83.286,83.828,1881.09,2026-03-05 02:00:00+00:00
xyz:BRENTOIL,1772679600000,83.762,83.803,83.472,83.681,60.51,2026-03-05 03:00:00+00:00
xyz:BRENTOIL,1772683200000,83.703,84.153,83.703,83.947,4317.92,2026-03-05 04:00:00+00:00
xyz:BRENTOIL,1772686800000,84.027,84.755,84.005,84.411,3338.8,2026-03-05 05:00:00+00:00
xyz:BRENTOIL,1772690400000,84.377,84.44,82.403,83.218,2842.28,2026-03-05 06:00:00+00:00
xyz:BRENTOIL,1772694000000,83.267,84.138,83.257,83.784,1097.62,2026-03-05 07:00:00+00:00
xyz:BRENTOIL,1772697600000,83.788,84.312,83.561,83.592,3260.6,2026-03-05 08:00:00+00:00
xyz:BRENTOIL,1772701200000,83.532,83.566,81.644,82.982,26244.93,2026-03-05 09:00:00+00:00
xyz:BRENTOIL,1772704800000,82.893,83.093,82.501,83.008,10396.92,2026-03-05 10:00:00+00:00
xyz:BRENTOIL,1772708400000,82.956,83.645,82.811,83.57,8280.8,2026-03-05 11:00:00+00:00
xyz:BRENTOIL,1772712000000,83.532,83.688,83.106,83.501,4647.28,2026-03-05 12:00:00+00:00
xyz:BRENTOIL,1772715600000,83.477,83.683,82.84,83.543,3975.71,2026-03-05 13:00:00+00:00
xyz:BRENTOIL,1772719200000,83.491,84.312,83.309,83.842,9576.21,2026-03-05 14:00:00+00:00
xyz:BRENTOIL,1772722800000,83.771,84.651,83.609,84.075,11288.56,2026-03-05 15:00:00+00:00
xyz:BRENTOIL,1772726400000,84.079,84.959,83.761,84.36,22410.05,2026-03-05 16:00:00+00:00
xyz:BRENTOIL,1772730000000,84.313,84.81,83.879,84.775,25944.56,2026-03-05 17:00:00+00:00
xyz:BRENTOIL,1772733600000,84.641,85.77,84.234,85.241,9611.1,2026-03-05 18:00:00+00:00
xyz:BRENTOIL,1772737200000,85.167,86.0,85.14,85.976,9873.2,2026-03-05 19:00:00+00:00
xyz:BRENTOIL,1772740800000,85.998,86.323,84.273,84.689,16493.97,2026-03-05 20:00:00+00:00
xyz:BRENTOIL,1772744400000,84.702,84.795,83.594,84.062,12224.04,2026-03-05 21:00:00+00:00
xyz:BRENTOIL,1772748000000,84.113,86.037,83.303,83.975,11261.83,2026-03-05 22:00:00+00:00
xyz:BRENTOIL,1772751600000,83.918,84.7,83.901,84.485,25841.17,2026-03-05 23:00:00+00:00
xyz:BRENTOIL,1772755200000,84.42,84.6,83.5,83.686,22209.71,2026-03-06 00:00:00+00:00
xyz:BRENTOIL,1772758800000,83.683,84.502,83.201,84.483,12269.66,2026-03-06 01:00:00+00:00
xyz:BRENTOIL,1772762400000,84.493,84.503,83.888,84.307,6770.09,2026-03-06 02:00:00+00:00
xyz:BRENTOIL,1772766000000,84.287,84.635,84.213,84.495,5029.52,2026-03-06 03:00:00+00:00
xyz:BRENTOIL,1772769600000,84.457,84.46,84.207,84.441,5677.06,2026-03-06 04:00:00+00:00
xyz:BRENTOIL,1772773200000,84.559,85.004,84.271,84.932,1532.96,2026-03-06 05:00:00+00:00
xyz:BRENTOIL,1772776800000,84.893,85.429,84.855,85.25,7482.56,2026-03-06 06:00:00+00:00
xyz:BRENTOIL,1772780400000,85.19,85.595,84.754,85.538,9392.06,2026-03-06 07:00:00+00:00
xyz:BRENTOIL,1772784000000,85.505,85.971,85.173,85.31,7024.02,2026-03-06 08:00:00+00:00
xyz:BRENTOIL,1772787600000,85.243,87.577,85.026,87.453,15955.19,2026-03-06 09:00:00+00:00
xyz:BRENTOIL,1772791200000,87.398,87.453,86.639,86.995,17013.98,2026-03-06 10:00:00+00:00
xyz:BRENTOIL,1772794800000,87.07,89.419,87.047,89.411,25294.28,2026-03-06 11:00:00+00:00
xyz:BRENTOIL,1772798400000,89.197,89.598,88.787,89.18,13136.18,2026-03-06 12:00:00+00:00
xyz:BRENTOIL,1772802000000,89.111,90.425,87.801,89.869,33606.82,2026-03-06 13:00:00+00:00
xyz:BRENTOIL,1772805600000,89.862,92.058,89.702,91.553,40228.49,2026-03-06 14:00:00+00:00
xyz:BRENTOIL,1772809200000,91.554,92.463,90.561,90.965,53212.64,2026-03-06 15:00:00+00:00
xyz:BRENTOIL,1772812800000,90.953,92.021,90.267,91.999,98626.47,2026-03-06 16:00:00+00:00
xyz:BRENTOIL,1772816400000,91.92,93.707,91.185,93.481,66191.96,2026-03-06 17:00:00+00:00
xyz:BRENTOIL,1772820000000,93.351,93.524,91.219,93.524,49340.73,2026-03-06 18:00:00+00:00
xyz:BRENTOIL,1772823600000,93.456,93.456,91.599,92.201,41513.97,2026-03-06 19:00:00+00:00
xyz:BRENTOIL,1772827200000,92.184,92.236,91.575,91.839,26913.1,2026-03-06 20:00:00+00:00
xyz:BRENTOIL,1772830800000,91.858,92.813,91.748,92.654,30139.49,2026-03-06 21:00:00+00:00
xyz:BRENTOIL,1772834400000,92.701,93.136,91.81,92.357,7166.26,2026-03-06 22:00:00+00:00
xyz:BRENTOIL,1772838000000,92.297,92.368,88.555,90.778,27132.39,2026-03-06 23:00:00+00:00
xyz:BRENTOIL,1772841600000,91.05,93.059,90.052,91.803,18096.37,2026-03-07 00:00:00+00:00
xyz:BRENTOIL,1772845200000,91.934,92.612,91.8,92.007,2004.95,2026-03-07 01:00:00+00:00
xyz:BRENTOIL,1772848800000,91.879,91.991,89.204,91.306,6870.47,2026-03-07 02:00:00+00:00
xyz:BRENTOIL,1772852400000,91.224,91.6,90.0,90.0,2336.83,2026-03-07 03:00:00+00:00
xyz:BRENTOIL,1772856000000,90.0,93.2,90.0,93.2,7975.6,2026-03-07 04:00:00+00:00
xyz:BRENTOIL,1772859600000,93.2,93.805,91.617,93.8,10510.16,2026-03-07 05:00:00+00:00
xyz:BRENTOIL,1772863200000,93.321,95.0,92.46,93.69,13763.81,2026-03-07 06:00:00+00:00
xyz:BRENTOIL,1772866800000,93.689,94.617,93.151,94.473,4827.56,2026-03-07 07:00:00+00:00
xyz:BRENTOIL,1772870400000,94.473,94.5,93.0,94.337,4902.07,2026-03-07 08:00:00+00:00
xyz:BRENTOIL,1772874000000,94.381,94.635,93.56,93.987,3377.47,2026-03-07 09:00:00+00:00
xyz:BRENTOIL,1772877600000,94.003,94.485,92.1,93.446,6363.09,2026-03-07 10:00:00+00:00
xyz:BRENTOIL,1772881200000,93.523,93.533,90.98,92.091,11851.99,2026-03-07 11:00:00+00:00
xyz:BRENTOIL,1772884800000,92.088,93.221,91.999,92.688,3118.03,2026-03-07 12:00:00+00:00
xyz:BRENTOIL,1772888400000,92.699,93.6,92.44,93.213,5467.09,2026-03-07 13:00:00+00:00
xyz:BRENTOIL,1772892000000,93.459,93.951,92.401,92.852,4786.91,2026-03-07 14:00:00+00:00
xyz:BRENTOIL,1772895600000,92.856,94.22,92.82,93.672,6563.34,2026-03-07 15:00:00+00:00
xyz:BRENTOIL,1772899200000,93.616,94.0,91.241,91.697,12176.03,2026-03-07 16:00:00+00:00
xyz:BRENTOIL,1772902800000,91.694,92.529,91.601,91.692,5364.55,2026-03-07 17:00:00+00:00
xyz:BRENTOIL,1772906400000,91.686,92.995,91.607,92.633,4017.94,2026-03-07 18:00:00+00:00
xyz:BRENTOIL,1772910000000,92.633,94.756,91.845,93.938,8096.23,2026-03-07 19:00:00+00:00
xyz:BRENTOIL,1772913600000,93.938,95.4,93.81,94.689,10003.92,2026-03-07 20:00:00+00:00
xyz:BRENTOIL,1772917200000,94.64,95.767,94.1,95.12,7640.36,2026-03-07 21:00:00+00:00
xyz:BRENTOIL,1772920800000,95.04,96.281,95.04,96.269,10171.7,2026-03-07 22:00:00+00:00
xyz:BRENTOIL,1772924400000,96.272,96.999,95.4,95.608,10411.45,2026-03-07 23:00:00+00:00
xyz:BRENTOIL,1772928000000,95.605,97.19,95.589,97.128,4508.64,2026-03-08 00:00:00+00:00
xyz:BRENTOIL,1772931600000,97.188,97.319,96.533,97.216,5537.15,2026-03-08 01:00:00+00:00
xyz:BRENTOIL,1772935200000,97.216,97.499,97.076,97.499,12095.26,2026-03-08 02:00:00+00:00
xyz:BRENTOIL,1772938800000,97.5,97.513,97.5,97.507,2320.2,2026-03-08 03:00:00+00:00
xyz:BRENTOIL,1772942400000,97.501,97.513,97.47,97.47,789.31,2026-03-08 04:00:00+00:00
xyz:BRENTOIL,1772946000000,97.504,97.513,97.47,97.513,845.45,2026-03-08 05:00:00+00:00
xyz:BRENTOIL,1772949600000,97.513,97.513,97.47,97.511,1148.95,2026-03-08 06:00:00+00:00
xyz:BRENTOIL,1772953200000,97.513,97.513,97.363,97.363,2730.23,2026-03-08 07:00:00+00:00
xyz:BRENTOIL,1772956800000,97.375,97.513,97.363,97.513,3872.2,2026-03-08 08:00:00+00:00
xyz:BRENTOIL,1772960400000,97.513,97.513,97.004,97.004,4066.91,2026-03-08 09:00:00+00:00
xyz:BRENTOIL,1772964000000,97.005,97.513,95.94,97.287,11684.99,2026-03-08 10:00:00+00:00
xyz:BRENTOIL,1772967600000,97.287,97.34,96.2,96.801,4765.21,2026-03-08 11:00:00+00:00
xyz:BRENTOIL,1772971200000,97.119,97.23,96.129,97.23,3954.75,2026-03-08 12:00:00+00:00
xyz:BRENTOIL,1772974800000,97.229,97.513,97.179,97.38,1993.32,2026-03-08 13:00:00+00:00
xyz:BRENTOIL,1772978400000,97.38,97.44,96.889,97.0,3736.5,2026-03-08 14:00:00+00:00
xyz:BRENTOIL,1772982000000,97.0,97.513,96.552,96.56,4335.56,2026-03-08 15:00:00+00:00
xyz:BRENTOIL,1772985600000,96.908,97.513,96.57,97.376,5971.03,2026-03-08 16:00:00+00:00
xyz:BRENTOIL,1772989200000,97.364,97.513,97.02,97.513,5901.05,2026-03-08 17:00:00+00:00
xyz:BRENTOIL,1772992800000,97.513,97.513,97.21,97.441,5613.28,2026-03-08 18:00:00+00:00
xyz:BRENTOIL,1772996400000,97.33,97.513,97.307,97.513,2521.77,2026-03-08 19:00:00+00:00
xyz:BRENTOIL,1773000000000,97.513,97.513,97.513,97.513,1717.1,2026-03-08 20:00:00+00:00
xyz:BRENTOIL,1773003600000,97.513,97.513,97.403,97.505,5670.36,2026-03-08 21:00:00+00:00
xyz:BRENTOIL,1773007200000,97.514,110.0,97.514,106.56,215163.8,2026-03-08 22:00:00+00:00
xyz:BRENTOIL,1773010800000,106.56,107.98,105.2,107.8,54433.71,2026-03-08 23:00:00+00:00
xyz:BRENTOIL,1773014400000,107.64,109.9,106.5,108.31,73484.2,2026-03-09 00:00:00+00:00
xyz:BRENTOIL,1773018000000,108.32,114.18,107.15,113.85,127239.93,2026-03-09 01:00:00+00:00
xyz:BRENTOIL,1773021600000,113.66,117.58,112.14,113.71,133250.71,2026-03-09 02:00:00+00:00
xyz:BRENTOIL,1773025200000,113.6,115.91,111.1,115.2,80403.84,2026-03-09 03:00:00+00:00
xyz:BRENTOIL,1773028800000,115.06,116.0,114.1,114.94,44733.72,2026-03-09 04:00:00+00:00
xyz:BRENTOIL,1773032400000,114.88,115.04,103.82,104.4,162515.17,2026-03-09 05:00:00+00:00
xyz:BRENTOIL,1773036000000,104.22,108.54,102.48,106.97,146494.32,2026-03-09 06:00:00+00:00
xyz:BRENTOIL,1773039600000,106.9,106.9,102.59,105.68,131358.61,2026-03-09 07:00:00+00:00
xyz:BRENTOIL,1773043200000,105.61,107.35,104.32,105.56,93575.68,2026-03-09 08:00:00+00:00
xyz:BRENTOIL,1773046800000,105.49,106.04,99.0,102.34,115257.93,2026-03-09 09:00:00+00:00
xyz:BRENTOIL,1773050400000,102.33,105.44,102.11,104.28,47373.48,2026-03-09 10:00:00+00:00
xyz:BRENTOIL,1773054000000,104.2,104.42,102.45,102.99,47444.77,2026-03-09 11:00:00+00:00
xyz:BRENTOIL,1773057600000,102.91,103.77,100.7,102.61,62492.89,2026-03-09 12:00:00+00:00
xyz:BRENTOIL,1773061200000,102.5,102.54,98.894,100.53,96070.67,2026-03-09 13:00:00+00:00
xyz:BRENTOIL,1773064800000,100.46,104.82,99.946,101.37,81859.74,2026-03-09 14:00:00+00:00
xyz:BRENTOIL,1773068400000,101.35,101.56,95.946,96.965,88448.06,2026-03-09 15:00:00+00:00
xyz:BRENTOIL,1773072000000,96.968,98.845,96.871,98.241,43325.75,2026-03-09 16:00:00+00:00
xyz:BRENTOIL,1773075600000,98.141,99.273,97.504,98.107,52920.79,2026-03-09 17:00:00+00:00
xyz:BRENTOIL,1773079200000,98.084,98.119,94.899,97.756,143277.9,2026-03-09 18:00:00+00:00
xyz:BRENTOIL,1773082800000,97.778,97.937,81.424,88.221,552955.98,2026-03-09 19:00:00+00:00
xyz:BRENTOIL,1773086400000,88.263,91.09,85.115,87.683,238303.99,2026-03-09 20:00:00+00:00
xyz:BRENTOIL,1773090000000,87.705,89.276,86.364,87.357,115706.99,2026-03-09 21:00:00+00:00
xyz:BRENTOIL,1773093600000,87.438,91.938,86.532,90.145,98467.71,2026-03-09 22:00:00+00:00
xyz:BRENTOIL,1773097200000,90.46,92.262,89.631,91.191,71463.69,2026-03-09 23:00:00+00:00
xyz:BRENTOIL,1773100800000,91.045,91.373,87.47,88.918,134866.99,2026-03-10 00:00:00+00:00
xyz:BRENTOIL,1773104400000,88.891,89.001,86.364,86.877,84530.02,2026-03-10 01:00:00+00:00
xyz:BRENTOIL,1773108000000,86.982,90.806,86.732,90.62,44832.85,2026-03-10 02:00:00+00:00
xyz:BRENTOIL,1773111600000,90.609,92.636,90.165,91.664,78064.23,2026-03-10 03:00:00+00:00
xyz:BRENTOIL,1773115200000,91.709,92.794,91.372,92.36,57459.94,2026-03-10 04:00:00+00:00
xyz:BRENTOIL,1773118800000,92.331,92.43,89.896,91.39,76110.12,2026-03-10 05:00:00+00:00
xyz:BRENTOIL,1773122400000,91.365,92.245,90.29,91.855,67880.55,2026-03-10 06:00:00+00:00
xyz:BRENTOIL,1773126000000,91.901,92.119,86.977,87.545,216908.23,2026-03-10 07:00:00+00:00
xyz:BRENTOIL,1773129600000,87.499,90.865,87.115,90.813,60537.06,2026-03-10 08:00:00+00:00
xyz:BRENTOIL,1773133200000,90.869,90.895,87.347,88.659,33891.64,2026-03-10 09:00:00+00:00
xyz:BRENTOIL,1773136800000,88.647,91.071,88.504,89.813,31227.85,2026-03-10 10:00:00+00:00
xyz:BRENTOIL,1773140400000,89.792,90.884,87.3,90.391,58687.32,2026-03-10 11:00:00+00:00
xyz:BRENTOIL,1773144000000,90.267,91.96,89.622,90.399,55611.87,2026-03-10 12:00:00+00:00
xyz:BRENTOIL,1773147600000,90.273,90.518,88.827,89.334,57807.9,2026-03-10 13:00:00+00:00
xyz:BRENTOIL,1773151200000,89.332,90.082,85.048,86.488,220886.79,2026-03-10 14:00:00+00:00
xyz:BRENTOIL,1773154800000,86.437,87.549,85.159,86.924,100239.91,2026-03-10 15:00:00+00:00
xyz:BRENTOIL,1773158400000,86.944,88.165,84.844,85.05,87648.97,2026-03-10 16:00:00+00:00
xyz:BRENTOIL,1773162000000,85.004,85.449,80.2,83.282,277099.66,2026-03-10 17:00:00+00:00
xyz:BRENTOIL,1773165600000,83.279,89.968,82.774,87.501,169925.47,2026-03-10 18:00:00+00:00
xyz:BRENTOIL,1773169200000,87.501,90.444,87.331,90.1,66484.64,2026-03-10 19:00:00+00:00
xyz:BRENTOIL,1773172800000,90.046,90.163,88.899,89.329,50722.08,2026-03-10 20:00:00+00:00
xyz:BRENTOIL,1773176400000,89.301,89.919,88.032,89.23,54984.59,2026-03-10 21:00:00+00:00
xyz:BRENTOIL,1773180000000,89.588,91.879,89.588,91.075,60385.64,2026-03-10 22:00:00+00:00
xyz:BRENTOIL,1773183600000,91.1,91.1,88.4,89.068,43651.99,2026-03-10 23:00:00+00:00
xyz:BRENTOIL,1773187200000,89.066,89.068,85.073,85.908,116615.36,2026-03-11 00:00:00+00:00
xyz:BRENTOIL,1773190800000,85.937,87.441,85.423,86.474,79665.18,2026-03-11 01:00:00+00:00
xyz:BRENTOIL,1773194400000,86.388,87.747,86.32,86.936,32416.98,2026-03-11 02:00:00+00:00
xyz:BRENTOIL,1773198000000,86.938,87.16,85.0,85.321,26038.58,2026-03-11 03:00:00+00:00
xyz:BRENTOIL,1773201600000,85.275,86.169,84.921,85.43,13684.12,2026-03-11 04:00:00+00:00
xyz:BRENTOIL,1773205200000,85.436,86.468,85.277,86.193,18952.85,2026-03-11 05:00:00+00:00
xyz:BRENTOIL,1773208800000,86.16,86.646,85.272,85.76,18603.14,2026-03-11 06:00:00+00:00
xyz:BRENTOIL,1773212400000,85.764,87.892,85.499,87.752,29351.63,2026-03-11 07:00:00+00:00
xyz:BRENTOIL,1773216000000,87.631,88.694,86.854,88.027,61964.16,2026-03-11 08:00:00+00:00
xyz:BRENTOIL,1773219600000,88.038,90.231,87.825,90.004,122279.7,2026-03-11 09:00:00+00:00
xyz:BRENTOIL,1773223200000,90.004,90.004,86.741,87.012,110954.36,2026-03-11 10:00:00+00:00
xyz:BRENTOIL,1773226800000,87.003,89.5,86.8,89.03,65937.39,2026-03-11 11:00:00+00:00
xyz:BRENTOIL,1773230400000,89.036,90.15,88.345,89.386,47170.25,2026-03-11 12:00:00+00:00
xyz:BRENTOIL,1773234000000,89.349,89.349,86.207,86.655,117825.69,2026-03-11 13:00:00+00:00
xyz:BRENTOIL,1773237600000,86.77,89.357,85.71,88.671,182830.96,2026-03-11 14:00:00+00:00
xyz:BRENTOIL,1773241200000,88.659,90.112,88.411,90.112,72337.63,2026-03-11 15:00:00+00:00
xyz:BRENTOIL,1773244800000,90.093,91.014,89.492,89.742,58240.34,2026-03-11 16:00:00+00:00
xyz:BRENTOIL,1773248400000,89.689,90.777,88.97,90.134,48885.65,2026-03-11 17:00:00+00:00
xyz:BRENTOIL,1773252000000,90.066,90.744,89.745,90.132,47395.99,2026-03-11 18:00:00+00:00
xyz:BRENTOIL,1773255600000,90.108,90.777,90.089,90.7,52326.08,2026-03-11 19:00:00+00:00
xyz:BRENTOIL,1773259200000,90.673,91.344,90.578,90.94,35574.83,2026-03-11 20:00:00+00:00
xyz:BRENTOIL,1773262800000,90.905,91.585,90.251,91.479,31061.09,2026-03-11 21:00:00+00:00
xyz:BRENTOIL,1773266400000,91.48,95.504,91.318,92.785,119108.92,2026-03-11 22:00:00+00:00
xyz:BRENTOIL,1773270000000,92.849,96.428,92.849,94.188,155880.28,2026-03-11 23:00:00+00:00
xyz:BRENTOIL,1773273600000,94.188,96.693,93.537,95.699,200087.38,2026-03-12 00:00:00+00:00
xyz:BRENTOIL,1773277200000,95.698,96.234,93.866,95.101,116035.11,2026-03-12 01:00:00+00:00
xyz:BRENTOIL,1773280800000,95.123,98.13,95.042,96.597,109699.03,2026-03-12 02:00:00+00:00
xyz:BRENTOIL,1773284400000,96.597,97.841,96.282,96.829,57166.78,2026-03-12 03:00:00+00:00
xyz:BRENTOIL,1773288000000,96.787,97.356,96.368,96.996,35965.39,2026-03-12 04:00:00+00:00
xyz:BRENTOIL,1773291600000,96.957,96.957,94.334,95.067,101173.36,2026-03-12 05:00:00+00:00
xyz:BRENTOIL,1773295200000,95.187,95.85,93.44,94.696,84522.37,2026-03-12 06:00:00+00:00
xyz:BRENTOIL,1773298800000,94.678,94.678,92.1,92.702,152419.47,2026-03-12 07:00:00+00:00
xyz:BRENTOIL,1773302400000,92.666,94.964,92.476,94.484,93537.23,2026-03-12 08:00:00+00:00
xyz:BRENTOIL,1773306000000,94.45,95.164,93.186,93.488,64424.9,2026-03-12 09:00:00+00:00
xyz:BRENTOIL,1773309600000,93.487,94.107,93.051,93.41,52506.82,2026-03-12 10:00:00+00:00
xyz:BRENTOIL,1773313200000,93.421,94.892,93.359,94.7,64244.44,2026-03-12 11:00:00+00:00
xyz:BRENTOIL,1773316800000,94.647,95.523,94.431,94.949,85481.44,2026-03-12 12:00:00+00:00
xyz:BRENTOIL,1773320400000,94.857,97.0,94.657,96.435,130815.14,2026-03-12 13:00:00+00:00
xyz:BRENTOIL,1773324000000,96.435,97.279,95.67,96.835,132975.74,2026-03-12 14:00:00+00:00
xyz:BRENTOIL,1773327600000,96.831,97.906,95.208,95.733,155991.66,2026-03-12 15:00:00+00:00
xyz:BRENTOIL,1773331200000,95.737,96.873,94.437,96.099,158210.16,2026-03-12 16:00:00+00:00
xyz:BRENTOIL,1773334800000,96.098,96.685,95.652,95.728,132147.62,2026-03-12 17:00:00+00:00
xyz:BRENTOIL,1773338400000,95.699,98.253,95.351,98.119,96991.01,2026-03-12 18:00:00+00:00
xyz:BRENTOIL,1773342000000,98.158,98.466,97.068,97.766,64984.26,2026-03-12 19:00:00+00:00
xyz:BRENTOIL,1773345600000,97.783,98.041,96.905,97.581,97573.7,2026-03-12 20:00:00+00:00
xyz:BRENTOIL,1773349200000,97.581,102.1,97.061,98.386,101349.99,2026-03-12 21:00:00+00:00
xyz:BRENTOIL,1773352800000,98.346,99.612,97.088,97.797,92606.03,2026-03-12 22:00:00+00:00
xyz:BRENTOIL,1773356400000,97.819,99.034,97.815,98.015,70995.34,2026-03-12 23:00:00+00:00
xyz:BRENTOIL,1773360000000,97.989,98.016,96.193,96.916,118829.78,2026-03-13 00:00:00+00:00
xyz:BRENTOIL,1773363600000,96.893,97.384,95.958,96.935,41018.28,2026-03-13 01:00:00+00:00
xyz:BRENTOIL,1773367200000,96.862,97.855,96.536,97.708,34629.22,2026-03-13 02:00:00+00:00
xyz:BRENTOIL,1773370800000,97.68,98.007,96.642,97.046,39532.59,2026-03-13 03:00:00+00:00
xyz:BRENTOIL,1773374400000,97.04,97.179,96.521,96.733,35106.75,2026-03-13 04:00:00+00:00
xyz:BRENTOIL,1773378000000,96.7,97.047,96.236,96.417,24445.65,2026-03-13 05:00:00+00:00
xyz:BRENTOIL,1773381600000,96.471,97.48,95.781,97.442,36295.22,2026-03-13 06:00:00+00:00
xyz:BRENTOIL,1773385200000,97.446,98.713,97.278,98.425,64703.59,2026-03-13 07:00:00+00:00
xyz:BRENTOIL,1773388800000,98.425,98.861,96.903,97.208,77237.09,2026-03-13 08:00:00+00:00
xyz:BRENTOIL,1773392400000,97.12,97.784,96.393,97.444,68758.42,2026-03-13 09:00:00+00:00
xyz:BRENTOIL,1773396000000,97.342,97.481,95.2,95.618,91684.34,2026-03-13 10:00:00+00:00
xyz:BRENTOIL,1773399600000,95.6,96.909,95.076,95.49,88484.95,2026-03-13 11:00:00+00:00
xyz:BRENTOIL,1773403200000,95.559,96.26,94.042,95.339,103574.29,2026-03-13 12:00:00+00:00
xyz:BRENTOIL,1773406800000,95.349,96.155,94.8,96.041,129090.74,2026-03-13 13:00:00+00:00
xyz:BRENTOIL,1773410400000,96.041,97.05,95.715,96.784,63091.97,2026-03-13 14:00:00+00:00
xyz:BRENTOIL,1773414000000,96.812,97.868,96.63,97.332,101557.55,2026-03-13 15:00:00+00:00
xyz:BRENTOIL,1773417600000,97.297,98.251,97.04,97.276,81703.97,2026-03-13 16:00:00+00:00
xyz:BRENTOIL,1773421200000,97.279,98.566,96.282,98.309,104960.96,2026-03-13 17:00:00+00:00
xyz:BRENTOIL,1773424800000,98.294,99.271,97.59,97.973,165321.08,2026-03-13 18:00:00+00:00
xyz:BRENTOIL,1773428400000,97.994,98.845,97.743,98.751,45054.86,2026-03-13 19:00:00+00:00
xyz:BRENTOIL,1773432000000,98.755,99.631,98.654,99.476,58396.72,2026-03-13 20:00:00+00:00
xyz:BRENTOIL,1773435600000,99.5,100.06,99.147,99.351,14734.02,2026-03-13 21:00:00+00:00
xyz:BRENTOIL,1773439200000,99.351,100.5,99.026,100.49,13395.99,2026-03-13 22:00:00+00:00
xyz:BRENTOIL,1773442800000,100.43,100.47,97.773,98.522,36263.05,2026-03-13 23:00:00+00:00
xyz:BRENTOIL,1773446400000,98.346,100.27,98.045,99.599,32565.57,2026-03-14 00:00:00+00:00
xyz:BRENTOIL,1773450000000,99.613,100.48,99.298,100.44,14190.16,2026-03-14 01:00:00+00:00
xyz:BRENTOIL,1773453600000,100.21,102.2,99.688,101.74,25541.92,2026-03-14 02:00:00+00:00
xyz:BRENTOIL,1773457200000,101.7,102.33,100.5,101.35,17283.91,2026-03-14 03:00:00+00:00
xyz:BRENTOIL,1773460800000,101.27,101.72,101.04,101.5,6900.07,2026-03-14 04:00:00+00:00
xyz:BRENTOIL,1773464400000,101.49,102.14,101.33,101.98,6629.73,2026-03-14 05:00:00+00:00
xyz:BRENTOIL,1773468000000,102.0,102.41,101.02,102.12,11367.27,2026-03-14 06:00:00+00:00
xyz:BRENTOIL,1773471600000,102.12,102.69,101.26,102.01,12042.43,2026-03-14 07:00:00+00:00
xyz:BRENTOIL,1773475200000,102.01,103.99,101.77,103.29,25407.56,2026-03-14 08:00:00+00:00
xyz:BRENTOIL,1773478800000,102.82,104.25,102.55,103.99,23184.36,2026-03-14 09:00:00+00:00
xyz:BRENTOIL,1773482400000,103.99,104.25,103.0,104.25,10638.58,2026-03-14 10:00:00+00:00
xyz:BRENTOIL,1773486000000,104.25,104.82,103.71,104.12,16494.86,2026-03-14 11:00:00+00:00
xyz:BRENTOIL,1773489600000,104.12,105.12,103.81,105.12,25583.71,2026-03-14 12:00:00+00:00
xyz:BRENTOIL,1773493200000,105.08,105.55,103.58,104.43,70914.02,2026-03-14 13:00:00+00:00
xyz:BRENTOIL,1773496800000,104.44,106.43,104.21,105.1,33960.22,2026-03-14 14:00:00+00:00
xyz:BRENTOIL,1773500400000,105.1,105.33,103.3,104.45,32928.91,2026-03-14 15:00:00+00:00
xyz:BRENTOIL,1773504000000,104.42,105.39,103.9,104.98,21688.22,2026-03-14 16:00:00+00:00
xyz:BRENTOIL,1773507600000,104.86,105.99,104.85,105.16,34374.83,2026-03-14 17:00:00+00:00
xyz:BRENTOIL,1773511200000,105.15,105.74,104.16,105.05,37735.32,2026-03-14 18:00:00+00:00
xyz:BRENTOIL,1773514800000,105.05,106.0,105.0,105.8,216725.15,2026-03-14 19:00:00+00:00
xyz:BRENTOIL,1773518400000,105.79,106.94,105.47,105.96,115422.29,2026-03-14 20:00:00+00:00
xyz:BRENTOIL,1773522000000,105.96,106.49,105.83,106.03,16258.23,2026-03-14 21:00:00+00:00
xyz:BRENTOIL,1773525600000,106.01,106.04,105.11,105.77,23022.61,2026-03-14 22:00:00+00:00
xyz:BRENTOIL,1773529200000,105.76,105.85,100.91,103.25,68002.22,2026-03-14 23:00:00+00:00
xyz:BRENTOIL,1773532800000,103.31,104.54,102.38,104.04,26196.57,2026-03-15 00:00:00+00:00
xyz:BRENTOIL,1773536400000,104.3,104.3,100.29,101.82,57945.5,2026-03-15 01:00:00+00:00
xyz:BRENTOIL,1773540000000,101.82,102.47,99.038,99.687,88445.35,2026-03-15 02:00:00+00:00
xyz:BRENTOIL,1773543600000,99.687,102.05,99.049,101.9,40868.62,2026-03-15 03:00:00+00:00
xyz:BRENTOIL,1773547200000,101.86,102.29,100.15,101.59,32377.46,2026-03-15 04:00:00+00:00
xyz:BRENTOIL,1773550800000,101.5,103.0,100.77,102.29,34018.57,2026-03-15 05:00:00+00:00
xyz:BRENTOIL,1773554400000,102.08,104.0,101.82,103.44,16553.16,2026-03-15 06:00:00+00:00
xyz:BRENTOIL,1773558000000,103.44,103.83,101.63,101.92,26707.08,2026-03-15 07:00:00+00:00
xyz:BRENTOIL,1773561600000,101.85,103.28,101.68,103.05,12436.55,2026-03-15 08:00:00+00:00
xyz:BRENTOIL,1773565200000,103.05,104.29,102.4,102.72,19312.25,2026-03-15 09:00:00+00:00
xyz:BRENTOIL,1773568800000,102.72,104.12,102.37,103.03,30596.49,2026-03-15 10:00:00+00:00
xyz:BRENTOIL,1773572400000,103.04,103.53,102.55,102.65,12966.89,2026-03-15 11:00:00+00:00
xyz:BRENTOIL,1773576000000,102.65,103.81,102.44,103.22,11434.97,2026-03-15 12:00:00+00:00
xyz:BRENTOIL,1773579600000,103.2,103.98,102.88,103.14,9940.77,2026-03-15 13:00:00+00:00
xyz:BRENTOIL,1773583200000,103.08,105.52,103.02,104.48,64602.01,2026-03-15 14:00:00+00:00
xyz:BRENTOIL,1773586800000,104.42,105.13,104.39,104.57,15867.97,2026-03-15 15:00:00+00:00
xyz:BRENTOIL,1773590400000,104.61,105.37,104.08,104.99,12080.68,2026-03-15 16:00:00+00:00
xyz:BRENTOIL,1773594000000,105.03,105.77,104.69,104.98,16486.98,2026-03-15 17:00:00+00:00
xyz:BRENTOIL,1773597600000,104.92,105.57,104.32,104.98,29992.53,2026-03-15 18:00:00+00:00
xyz:BRENTOIL,1773601200000,104.96,106.24,104.23,104.72,57268.74,2026-03-15 19:00:00+00:00
xyz:BRENTOIL,1773604800000,104.73,105.4,103.65,104.06,29662.29,2026-03-15 20:00:00+00:00
xyz:BRENTOIL,1773608400000,104.06,106.0,101.69,105.14,82915.34,2026-03-15 21:00:00+00:00
xyz:BRENTOIL,1773612000000,104.96,104.96,99.917,100.22,411914.63,2026-03-15 22:00:00+00:00
xyz:BRENTOIL,1773615600000,100.2,101.07,99.0,99.492,164543.49,2026-03-15 23:00:00+00:00
xyz:BRENTOIL,1773619200000,99.55,99.58,98.317,98.439,109059.51,2026-03-16 00:00:00+00:00
xyz:BRENTOIL,1773622800000,98.449,100.01,97.425,99.849,109444.28,2026-03-16 01:00:00+00:00
xyz:BRENTOIL,1773626400000,99.785,100.59,99.426,100.28,42427.48,2026-03-16 02:00:00+00:00
xyz:BRENTOIL,1773630000000,100.29,100.53,99.908,100.29,34013.8,2026-03-16 03:00:00+00:00
xyz:BRENTOIL,1773633600000,100.28,100.62,100.24,100.51,32904.76,2026-03-16 04:00:00+00:00
xyz:BRENTOIL,1773637200000,100.54,100.69,99.547,99.717,56998.3,2026-03-16 05:00:00+00:00
xyz:BRENTOIL,1773640800000,99.64,100.81,99.255,100.14,59365.03,2026-03-16 06:00:00+00:00
xyz:BRENTOIL,1773644400000,100.13,101.8,99.74,101.21,49116.54,2026-03-16 07:00:00+00:00
xyz:BRENTOIL,1773648000000,101.26,101.68,100.47,100.68,40496.72,2026-03-16 08:00:00+00:00
xyz:BRENTOIL,1773651600000,100.69,101.2,99.712,100.23,39224.75,2026-03-16 09:00:00+00:00
xyz:BRENTOIL,1773655200000,100.27,100.42,98.155,98.245,54257.93,2026-03-16 10:00:00+00:00
xyz:BRENTOIL,1773658800000,98.219,99.263,98.119,98.835,48984.8,2026-03-16 11:00:00+00:00
xyz:BRENTOIL,1773662400000,98.825,99.171,97.065,97.665,270192.72,2026-03-16 12:00:00+00:00
xyz:BRENTOIL,1773666000000,97.64,98.195,95.53,95.999,340275.34,2026-03-16 13:00:00+00:00
xyz:BRENTOIL,1773669600000,95.949,98.111,95.76,97.774,169547.76,2026-03-16 14:00:00+00:00
xyz:BRENTOIL,1773673200000,97.823,98.285,97.124,97.799,83453.75,2026-03-16 15:00:00+00:00
xyz:BRENTOIL,1773676800000,97.78,98.857,97.33,97.968,73218.56,2026-03-16 16:00:00+00:00
xyz:BRENTOIL,1773680400000,97.904,97.924,96.146,96.701,162158.5,2026-03-16 17:00:00+00:00
xyz:BRENTOIL,1773684000000,96.711,96.952,95.323,96.094,139857.07,2026-03-16 18:00:00+00:00
xyz:BRENTOIL,1773687600000,96.099,97.151,95.692,96.176,80107.91,2026-03-16 19:00:00+00:00
xyz:BRENTOIL,1773691200000,96.118,97.181,95.839,96.979,82375.6,2026-03-16 20:00:00+00:00
xyz:BRENTOIL,1773694800000,96.901,97.08,96.375,96.879,18832.14,2026-03-16 21:00:00+00:00
xyz:BRENTOIL,1773698400000,96.907,97.891,96.79,97.435,114135.23,2026-03-16 22:00:00+00:00
xyz:BRENTOIL,1773702000000,97.442,97.82,96.797,97.462,147448.37,2026-03-16 23:00:00+00:00
xyz:BRENTOIL,1773705600000,97.436,98.777,97.336,98.265,41517.26,2026-03-17 00:00:00+00:00
xyz:BRENTOIL,1773709200000,98.33,100.61,97.895,98.582,275198.75,2026-03-17 01:00:00+00:00
xyz:BRENTOIL,1773712800000,98.579,98.744,98.209,98.55,29695.12,2026-03-17 02:00:00+00:00
xyz:BRENTOIL,1773716400000,98.537,98.653,98.17,98.442,27983.53,2026-03-17 03:00:00+00:00
xyz:BRENTOIL,1773720000000,98.447,98.723,98.082,98.56,34345.27,2026-03-17 04:00:00+00:00
xyz:BRENTOIL,1773723600000,98.56,100.31,98.065,99.98,39994.21,2026-03-17 05:00:00+00:00
xyz:BRENTOIL,1773727200000,100.11,100.47,99.14,99.595,69119.87,2026-03-17 06:00:00+00:00
xyz:BRENTOIL,1773730800000,99.565,99.777,98.74,99.038,44508.8,2026-03-17 07:00:00+00:00
xyz:BRENTOIL,1773734400000,99.014,100.01,98.931,99.876,54045.22,2026-03-17 08:00:00+00:00
xyz:BRENTOIL,1773738000000,99.765,99.806,98.396,98.631,81094.85,2026-03-17 09:00:00+00:00
xyz:BRENTOIL,1773741600000,98.662,99.511,98.644,98.882,35689.82,2026-03-17 10:00:00+00:00
xyz:BRENTOIL,1773745200000,98.885,99.669,98.882,99.564,31956.33,2026-03-17 11:00:00+00:00
xyz:BRENTOIL,1773748800000,99.549,99.641,98.193,98.4,62621.8,2026-03-17 12:00:00+00:00
xyz:BRENTOIL,1773752400000,98.4,98.684,97.315,98.288,148024.61,2026-03-17 13:00:00+00:00
xyz:BRENTOIL,1773756000000,98.307,98.651,97.2,97.424,74102.27,2026-03-17 14:00:00+00:00
xyz:BRENTOIL,1773759600000,97.424,99.04,97.3,98.821,69095.23,2026-03-17 15:00:00+00:00
xyz:BRENTOIL,1773763200000,98.813,99.028,97.597,98.18,64062.74,2026-03-17 16:00:00+00:00
xyz:BRENTOIL,1773766800000,98.2,99.186,98.127,99.071,45052.77,2026-03-17 17:00:00+00:00
xyz:BRENTOIL,1773770400000,99.071,99.565,98.835,99.398,63087.89,2026-03-17 18:00:00+00:00
xyz:BRENTOIL,1773774000000,99.413,99.808,99.168,99.68,39547.53,2026-03-17 19:00:00+00:00
xyz:BRENTOIL,1773777600000,99.67,99.837,99.414,99.55,21882.02,2026-03-17 20:00:00+00:00
xyz:BRENTOIL,1773781200000,99.57,99.89,99.43,99.645,10661.94,2026-03-17 21:00:00+00:00
xyz:BRENTOIL,1773784800000,99.597,99.8,98.357,99.317,47437.68,2026-03-17 22:00:00+00:00
xyz:BRENTOIL,1773788400000,99.35,99.736,99.162,99.484,31076.69,2026-03-17 23:00:00+00:00
xyz:BRENTOIL,1773792000000,99.541,99.566,98.432,98.62,48749.01,2026-03-18 00:00:00+00:00
xyz:BRENTOIL,1773795600000,98.598,99.031,98.29,98.837,27293.23,2026-03-18 01:00:00+00:00
xyz:BRENTOIL,1773799200000,98.827,99.045,97.856,98.303,37319.53,2026-03-18 02:00:00+00:00
xyz:BRENTOIL,1773802800000,98.305,98.376,97.22,97.285,38240.33,2026-03-18 03:00:00+00:00
xyz:BRENTOIL,1773806400000,97.299,97.554,97.127,97.318,40704.35,2026-03-18 04:00:00+00:00
xyz:BRENTOIL,1773810000000,97.316,97.796,96.801,97.229,51063.25,2026-03-18 05:00:00+00:00
xyz:BRENTOIL,1773813600000,97.248,97.903,96.736,97.7,47606.15,2026-03-18 06:00:00+00:00
xyz:BRENTOIL,1773817200000,97.703,98.315,97.604,98.23,33079.3,2026-03-18 07:00:00+00:00
xyz:BRENTOIL,1773820800000,98.18,99.071,98.068,98.716,33085.47,2026-03-18 08:00:00+00:00
xyz:BRENTOIL,1773824400000,98.749,99.323,98.557,99.183,22943.49,2026-03-18 09:00:00+00:00
xyz:BRENTOIL,1773828000000,99.21,99.672,98.945,99.406,24637.45,2026-03-18 10:00:00+00:00
xyz:BRENTOIL,1773831600000,99.421,100.86,99.085,99.799,116985.7,2026-03-18 11:00:00+00:00
xyz:BRENTOIL,1773835200000,99.837,103.8,99.826,103.64,181076.49,2026-03-18 12:00:00+00:00
xyz:BRENTOIL,1773838800000,103.66,105.26,103.08,104.46,228777.22,2026-03-18 13:00:00+00:00
xyz:BRENTOIL,1773842400000,104.46,105.21,103.89,104.47,261196.14,2026-03-18 14:00:00+00:00
xyz:BRENTOIL,1773846000000,104.42,104.67,103.62,104.25,144696.89,2026-03-18 15:00:00+00:00
xyz:BRENTOIL,1773849600000,104.2,104.3,103.51,104.08,135400.27,2026-03-18 16:00:00+00:00
xyz:BRENTOIL,1773853200000,104.11,104.44,102.0,102.3,178294.72,2026-03-18 17:00:00+00:00
xyz:BRENTOIL,1773856800000,102.29,103.93,101.41,103.48,268965.28,2026-03-18 18:00:00+00:00
xyz:BRENTOIL,1773860400000,103.46,105.32,103.2,104.94,129497.64,2026-03-18 19:00:00+00:00
xyz:BRENTOIL,1773864000000,104.99,107.06,104.85,106.27,126197.97,2026-03-18 20:00:00+00:00
xyz:BRENTOIL,1773867600000,106.27,106.43,105.03,105.5,103491.71,2026-03-18 21:00:00+00:00
xyz:BRENTOIL,1773871200000,105.47,105.94,104.27,105.56,100251.79,2026-03-18 22:00:00+00:00
xyz:BRENTOIL,1773874800000,105.55,105.86,104.57,105.65,147309.36,2026-03-18 23:00:00+00:00
xyz:BRENTOIL,1773878400000,105.62,107.47,105.62,106.96,131477.26,2026-03-19 00:00:00+00:00
xyz:BRENTOIL,1773882000000,106.99,107.79,106.05,107.72,127644.16,2026-03-19 01:00:00+00:00
xyz:BRENTOIL,1773885600000,107.7,108.14,105.73,106.88,257643.91,2026-03-19 02:00:00+00:00
xyz:BRENTOIL,1773889200000,106.9,107.1,105.91,106.8,103598.44,2026-03-19 03:00:00+00:00
xyz:BRENTOIL,1773892800000,106.82,107.25,106.67,107.02,68811.71,2026-03-19 04:00:00+00:00
xyz:BRENTOIL,1773896400000,107.03,108.02,106.55,107.78,90288.52,2026-03-19 05:00:00+00:00
xyz:BRENTOIL,1773900000000,107.73,108.61,107.37,108.46,150843.76,2026-03-19 06:00:00+00:00
xyz:BRENTOIL,1773903600000,108.45,109.63,107.56,108.83,204180.49,2026-03-19 07:00:00+00:00
xyz:BRENTOIL,1773907200000,108.74,110.5,107.56,109.84,214053.96,2026-03-19 08:00:00+00:00
xyz:BRENTOIL,1773910800000,109.79,112.16,107.98,108.57,634928.62,2026-03-19 09:00:00+00:00
xyz:BRENTOIL,1773914400000,108.55,109.11,107.44,108.49,247278.12,2026-03-19 10:00:00+00:00
xyz:BRENTOIL,1773918000000,108.5,109.11,107.74,107.74,145342.72,2026-03-19 11:00:00+00:00
xyz:BRENTOIL,1773921600000,107.78,108.15,106.11,107.37,431260.42,2026-03-19 12:00:00+00:00
xyz:BRENTOIL,1773925200000,107.35,107.64,104.66,105.72,662403.81,2026-03-19 13:00:00+00:00
xyz:BRENTOIL,1773928800000,105.75,106.99,105.36,105.94,199869.18,2026-03-19 14:00:00+00:00
xyz:BRENTOIL,1773932400000,105.98,107.67,105.21,105.28,393509.75,2026-03-19 15:00:00+00:00
xyz:BRENTOIL,1773936000000,105.28,106.79,104.1,105.21,414653.31,2026-03-19 16:00:00+00:00
xyz:BRENTOIL,1773939600000,105.21,105.37,103.08,103.91,455355.87,2026-03-19 17:00:00+00:00
xyz:BRENTOIL,1773943200000,103.91,104.75,102.62,103.23,292473.52,2026-03-19 18:00:00+00:00
xyz:BRENTOIL,1773946800000,103.24,103.46,99.647,103.06,542547.04,2026-03-19 19:00:00+00:00
xyz:BRENTOIL,1773950400000,103.07,103.71,102.69,103.2,137997.04,2026-03-19 20:00:00+00:00
xyz:BRENTOIL,1773954000000,103.2,103.45,101.76,103.21,40186.14,2026-03-19 21:00:00+00:00
xyz:BRENTOIL,1773957600000,103.17,103.65,102.65,102.7,68861.05,2026-03-19 22:00:00+00:00
xyz:BRENTOIL,1773961200000,102.66,102.81,102.27,102.58,32911.47,2026-03-19 23:00:00+00:00
xyz:BRENTOIL,1773964800000,102.55,103.02,101.77,102.9,94495.25,2026-03-20 00:00:00+00:00
xyz:BRENTOIL,1773968400000,102.85,102.99,100.4,101.1,169797.87,2026-03-20 01:00:00+00:00
xyz:BRENTOIL,1773972000000,101.12,102.35,101.05,102.32,70961.39,2026-03-20 02:00:00+00:00
xyz:BRENTOIL,1773975600000,102.33,103.06,101.98,102.71,47223.39,2026-03-20 03:00:00+00:00
xyz:BRENTOIL,1773979200000,102.71,103.09,102.18,103.03,28763.02,2026-03-20 04:00:00+00:00
xyz:BRENTOIL,1773982800000,103.04,103.4,102.12,102.29,47745.54,2026-03-20 05:00:00+00:00
xyz:BRENTOIL,1773986400000,102.34,104.1,102.23,103.82,86469.0,2026-03-20 06:00:00+00:00
xyz:BRENTOIL,1773990000000,103.79,104.18,102.96,103.21,61872.25,2026-03-20 07:00:00+00:00
xyz:BRENTOIL,1773993600000,103.19,104.94,102.61,104.87,166914.75,2026-03-20 08:00:00+00:00
xyz:BRENTOIL,1773997200000,104.82,106.4,104.6,106.02,114738.71,2026-03-20 09:00:00+00:00
xyz:BRENTOIL,1774000800000,106.01,106.57,105.0,105.14,118051.52,2026-03-20 10:00:00+00:00
xyz:BRENTOIL,1774004400000,105.11,105.24,103.05,103.19,150950.79,2026-03-20 11:00:00+00:00
xyz:BRENTOIL,1774008000000,103.13,104.11,102.57,103.97,137668.72,2026-03-20 12:00:00+00:00
xyz:BRENTOIL,1774011600000,103.93,105.21,103.82,104.98,117301.02,2026-03-20 13:00:00+00:00
xyz:BRENTOIL,1774015200000,104.98,105.98,104.22,105.9,106919.23,2026-03-20 14:00:00+00:00
xyz:BRENTOIL,1774018800000,105.87,106.15,104.79,105.03,91883.14,2026-03-20 15:00:00+00:00
xyz:BRENTOIL,1774022400000,104.99,105.8,104.68,105.11,156308.93,2026-03-20 16:00:00+00:00
xyz:BRENTOIL,1774026000000,105.11,106.13,104.98,105.7,179727.74,2026-03-20 17:00:00+00:00
xyz:BRENTOIL,1774029600000,105.68,107.41,104.9,107.16,265420.68,2026-03-20 18:00:00+00:00
xyz:BRENTOIL,1774033200000,107.15,107.3,106.05,106.14,107721.26,2026-03-20 19:00:00+00:00
xyz:BRENTOIL,1774036800000,106.19,107.09,106.06,107.0,88667.61,2026-03-20 20:00:00+00:00
xyz:BRENTOIL,1774040400000,107.07,107.5,102.11,104.54,486659.94,2026-03-20 21:00:00+00:00
xyz:BRENTOIL,1774044000000,104.61,106.4,104.21,105.74,94011.62,2026-03-20 22:00:00+00:00
xyz:BRENTOIL,1774047600000,105.74,106.28,105.31,105.77,31713.39,2026-03-20 23:00:00+00:00
xyz:BRENTOIL,1774051200000,105.68,106.18,105.02,105.66,37417.77,2026-03-21 00:00:00+00:00
xyz:BRENTOIL,1774054800000,105.66,106.06,104.95,105.57,23968.87,2026-03-21 01:00:00+00:00
xyz:BRENTOIL,1774058400000,105.53,105.9,105.14,105.22,5029.5,2026-03-21 02:00:00+00:00
xyz:BRENTOIL,1774062000000,105.3,105.42,103.71,104.32,27252.42,2026-03-21 03:00:00+00:00
xyz:BRENTOIL,1774065600000,104.34,104.88,103.82,104.86,18176.45,2026-03-21 04:00:00+00:00
xyz:BRENTOIL,1774069200000,104.87,105.41,104.3,105.39,11568.78,2026-03-21 05:00:00+00:00
xyz:BRENTOIL,1774072800000,105.39,105.91,104.88,105.0,27279.97,2026-03-21 06:00:00+00:00
xyz:BRENTOIL,1774076400000,105.07,106.89,104.94,105.56,52877.66,2026-03-21 07:00:00+00:00
xyz:BRENTOIL,1774080000000,105.54,105.97,104.47,105.35,38497.1,2026-03-21 08:00:00+00:00
xyz:BRENTOIL,1774083600000,105.37,105.82,105.01,105.38,16980.36,2026-03-21 09:00:00+00:00
xyz:BRENTOIL,1774087200000,105.35,106.58,105.35,106.31,14280.88,2026-03-21 10:00:00+00:00
xyz:BRENTOIL,1774090800000,106.34,106.38,105.29,105.44,17629.98,2026-03-21 11:00:00+00:00
xyz:BRENTOIL,1774094400000,105.4,106.16,104.3,104.61,38716.89,2026-03-21 12:00:00+00:00
xyz:BRENTOIL,1774098000000,104.63,105.25,104.54,104.96,17491.87,2026-03-21 13:00:00+00:00
xyz:BRENTOIL,1774101600000,104.93,105.34,104.32,104.92,34689.59,2026-03-21 14:00:00+00:00
xyz:BRENTOIL,1774105200000,104.9,104.92,104.31,104.82,11407.82,2026-03-21 15:00:00+00:00
xyz:BRENTOIL,1774108800000,104.85,105.71,104.33,104.71,15498.03,2026-03-21 16:00:00+00:00
xyz:BRENTOIL,1774112400000,104.69,104.92,104.3,104.8,7146.49,2026-03-21 17:00:00+00:00
xyz:BRENTOIL,1774116000000,104.83,104.84,103.7,103.9,34439.2,2026-03-21 18:00:00+00:00
xyz:BRENTOIL,1774119600000,103.85,104.4,102.88,103.04,64855.48,2026-03-21 19:00:00+00:00
xyz:BRENTOIL,1774123200000,103.04,104.3,103.0,104.22,30269.72,2026-03-21 20:00:00+00:00
xyz:BRENTOIL,1774126800000,104.27,104.71,103.96,104.23,30582.12,2026-03-21 21:00:00+00:00
xyz:BRENTOIL,1774130400000,104.19,104.78,104.02,104.23,20728.91,2026-03-21 22:00:00+00:00
xyz:BRENTOIL,1774134000000,104.18,107.39,104.08,107.21,89731.18,2026-03-21 23:00:00+00:00
xyz:BRENTOIL,1774137600000,107.22,107.6,105.44,106.35,93019.74,2026-03-22 00:00:00+00:00
xyz:BRENTOIL,1774141200000,106.41,107.49,106.37,107.45,44303.65,2026-03-22 01:00:00+00:00
xyz:BRENTOIL,1774144800000,107.45,107.71,106.61,107.04,40278.97,2026-03-22 02:00:00+00:00
xyz:BRENTOIL,1774148400000,107.06,107.9,106.82,107.31,26015.99,2026-03-22 03:00:00+00:00
xyz:BRENTOIL,1774152000000,107.31,107.9,107.07,107.48,8372.66,2026-03-22 04:00:00+00:00
xyz:BRENTOIL,1774155600000,107.46,107.55,106.77,107.21,18575.67,2026-03-22 05:00:00+00:00
xyz:BRENTOIL,1774159200000,107.27,107.67,106.8,107.03,26233.35,2026-03-22 06:00:00+00:00
xyz:BRENTOIL,1774162800000,107.08,107.91,106.9,107.15,23670.02,2026-03-22 07:00:00+00:00
xyz:BRENTOIL,1774166400000,107.16,107.83,107.03,107.41,9408.99,2026-03-22 08:00:00+00:00
xyz:BRENTOIL,1774170000000,107.45,108.95,107.45,108.28,58029.25,2026-03-22 09:00:00+00:00
xyz:BRENTOIL,1774173600000,108.27,108.77,107.92,108.68,22683.58,2026-03-22 10:00:00+00:00
xyz:BRENTOIL,1774177200000,108.61,108.79,108.39,108.74,18625.26,2026-03-22 11:00:00+00:00
xyz:BRENTOIL,1774180800000,108.74,109.11,108.21,108.21,56786.0,2026-03-22 12:00:00+00:00
xyz:BRENTOIL,1774184400000,108.26,109.04,108.15,108.98,12968.44,2026-03-22 13:00:00+00:00
xyz:BRENTOIL,1774188000000,108.96,109.68,108.46,108.95,61059.67,2026-03-22 14:00:00+00:00
xyz:BRENTOIL,1774191600000,108.94,109.9,108.48,109.35,43595.03,2026-03-22 15:00:00+00:00
xyz:BRENTOIL,1774195200000,109.38,109.91,109.06,109.65,24261.53,2026-03-22 16:00:00+00:00
xyz:BRENTOIL,1774198800000,109.74,110.02,108.68,109.68,53755.99,2026-03-22 17:00:00+00:00
xyz:BRENTOIL,1774202400000,109.68,111.01,109.28,110.56,49061.21,2026-03-22 18:00:00+00:00
xyz:BRENTOIL,1774206000000,110.48,110.66,110.08,110.57,16658.64,2026-03-22 19:00:00+00:00
xyz:BRENTOIL,1774209600000,110.54,111.2,110.1,110.41,24050.29,2026-03-22 20:00:00+00:00
xyz:BRENTOIL,1774213200000,110.39,112.04,110.03,111.82,95268.99,2026-03-22 21:00:00+00:00
xyz:BRENTOIL,1774216800000,111.81,112.19,105.73,106.95,908648.88,2026-03-22 22:00:00+00:00
xyz:BRENTOIL,1774220400000,106.9,107.45,106.53,107.18,136870.39,2026-03-22 23:00:00+00:00
xyz:BRENTOIL,1774224000000,107.17,107.5,106.33,106.63,132135.64,2026-03-23 00:00:00+00:00
xyz:BRENTOIL,1774227600000,106.64,107.51,106.58,107.26,84610.36,2026-03-23 01:00:00+00:00
xyz:BRENTOIL,1774231200000,107.28,108.09,106.73,107.98,84886.65,2026-03-23 02:00:00+00:00
xyz:BRENTOIL,1774234800000,108.0,108.2,107.89,108.12,51989.28,2026-03-23 03:00:00+00:00
xyz:BRENTOIL,1774238400000,108.09,108.26,107.78,107.88,41542.65,2026-03-23 04:00:00+00:00
xyz:BRENTOIL,1774242000000,107.9,108.07,107.02,107.68,63688.35,2026-03-23 05:00:00+00:00
xyz:BRENTOIL,1774245600000,107.67,109.11,107.51,109.03,222350.57,2026-03-23 06:00:00+00:00
xyz:BRENTOIL,1774249200000,109.0,109.64,108.75,109.15,121330.5,2026-03-23 07:00:00+00:00
xyz:BRENTOIL,1774252800000,109.12,109.8,108.41,108.91,359067.31,2026-03-23 08:00:00+00:00
xyz:BRENTOIL,1774256400000,108.81,109.06,108.0,108.58,564351.27,2026-03-23 09:00:00+00:00
xyz:BRENTOIL,1774260000000,108.53,109.07,107.25,108.24,166319.53,2026-03-23 10:00:00+00:00
xyz:BRENTOIL,1774263600000,108.26,108.4,88.092,101.4,2321610.79,2026-03-23 11:00:00+00:00
xyz:BRENTOIL,1774267200000,101.43,102.68,96.2,96.881,1397490.41,2026-03-23 12:00:00+00:00
xyz:BRENTOIL,1774270800000,96.957,99.554,95.897,96.97,680779.72,2026-03-23 13:00:00+00:00
xyz:BRENTOIL,1774274400000,96.971,98.437,95.905,96.956,397259.99,2026-03-23 14:00:00+00:00
xyz:BRENTOIL,1774278000000,96.955,98.706,93.009,98.252,948257.37,2026-03-23 15:00:00+00:00
xyz:BRENTOIL,1774281600000,98.273,99.813,96.7,97.067,603188.38,2026-03-23 16:00:00+00:00
xyz:BRENTOIL,1774285200000,97.054,97.843,96.066,96.403,291766.5,2026-03-23 17:00:00+00:00
xyz:BRENTOIL,1774288800000,96.382,97.193,93.919,95.012,399314.48,2026-03-23 18:00:00+00:00
xyz:BRENTOIL,1774292400000,95.0,96.146,94.721,96.0,155368.44,2026-03-23 19:00:00+00:00
xyz:BRENTOIL,1774296000000,96.032,96.862,95.61,96.379,106987.45,2026-03-23 20:00:00+00:00
xyz:BRENTOIL,1774299600000,96.36,96.812,95.943,96.178,46864.67,2026-03-23 21:00:00+00:00
xyz:BRENTOIL,1774303200000,96.19,97.234,96.147,96.555,53929.45,2026-03-23 22:00:00+00:00
xyz:BRENTOIL,1774306800000,96.59,97.148,95.896,97.036,84100.62,2026-03-23 23:00:00+00:00
xyz:BRENTOIL,1774310400000,97.053,98.398,96.677,97.972,173564.57,2026-03-24 00:00:00+00:00
xyz:BRENTOIL,1774314000000,97.971,99.966,97.97,99.49,160510.44,2026-03-24 01:00:00+00:00
xyz:BRENTOIL,1774317600000,99.49,103.41,99.283,99.753,618371.11,2026-03-24 02:00:00+00:00
xyz:BRENTOIL,1774321200000,99.747,100.2,99.74,100.04,76943.17,2026-03-24 03:00:00+00:00
xyz:BRENTOIL,1774324800000,100.03,100.41,99.801,99.825,66354.42,2026-03-24 04:00:00+00:00
xyz:BRENTOIL,1774328400000,99.84,100.4,99.429,99.501,139272.51,2026-03-24 05:00:00+00:00
xyz:BRENTOIL,1774332000000,99.507,99.509,98.341,98.723,362003.76,2026-03-24 06:00:00+00:00
xyz:BRENTOIL,1774335600000,98.723,99.028,97.08,97.13,326365.27,2026-03-24 07:00:00+00:00
xyz:BRENTOIL,1774339200000,97.15,98.8,96.924,98.156,229923.97,2026-03-24 08:00:00+00:00
xyz:BRENTOIL,1774342800000,98.147,98.888,97.627,97.864,135475.1,2026-03-24 09:00:00+00:00
xyz:BRENTOIL,1774346400000,97.869,97.988,96.643,97.753,123620.38,2026-03-24 10:00:00+00:00
xyz:BRENTOIL,1774350000000,97.761,98.883,97.32,98.459,148542.72,2026-03-24 11:00:00+00:00
xyz:BRENTOIL,1774353600000,98.443,99.581,98.351,99.165,222295.45,2026-03-24 12:00:00+00:00
xyz:BRENTOIL,1774357200000,99.174,99.99,98.762,99.419,198912.21,2026-03-24 13:00:00+00:00
xyz:BRENTOIL,1774360800000,99.404,99.593,97.898,98.672,285011.11,2026-03-24 14:00:00+00:00
xyz:BRENTOIL,1774364400000,98.597,99.889,98.049,99.697,172592.85,2026-03-24 15:00:00+00:00
xyz:BRENTOIL,1774368000000,99.7,100.33,99.392,100.04,106579.27,2026-03-24 16:00:00+00:00
xyz:BRENTOIL,1774371600000,100.04,100.83,98.595,99.232,281666.44,2026-03-24 17:00:00+00:00
xyz:BRENTOIL,1774375200000,99.26,100.3,98.84,100.03,232072.81,2026-03-24 18:00:00+00:00
xyz:BRENTOIL,1774378800000,100.02,100.04,99.236,99.675,239221.26,2026-03-24 19:00:00+00:00
xyz:BRENTOIL,1774382400000,99.696,99.761,94.0,96.023,782699.67,2026-03-24 20:00:00+00:00
xyz:BRENTOIL,1774386000000,96.017,96.761,95.448,95.892,200189.02,2026-03-24 21:00:00+00:00
xyz:BRENTOIL,1774389600000,95.951,96.83,95.383,96.366,264226.75,2026-03-24 22:00:00+00:00
xyz:BRENTOIL,1774393200000,96.351,96.661,96.129,96.517,125027.87,2026-03-24 23:00:00+00:00
xyz:BRENTOIL,1774396800000,96.517,96.549,93.721,94.766,424356.54,2026-03-25 00:00:00+00:00
xyz:BRENTOIL,1774400400000,94.767,94.962,93.55,94.373,359576.41,2026-03-25 01:00:00+00:00
xyz:BRENTOIL,1774404000000,94.375,96.123,94.043,95.91,123493.58,2026-03-25 02:00:00+00:00
xyz:BRENTOIL,1774407600000,95.91,96.366,95.302,96.021,114326.92,2026-03-25 03:00:00+00:00
xyz:BRENTOIL,1774411200000,96.035,96.271,95.332,95.43,108973.0,2026-03-25 04:00:00+00:00
xyz:BRENTOIL,1774414800000,95.364,96.961,95.364,96.64,138393.45,2026-03-25 05:00:00+00:00
xyz:BRENTOIL,1774418400000,96.611,97.047,96.22,96.499,103800.35,2026-03-25 06:00:00+00:00
xyz:BRENTOIL,1774422000000,96.444,96.5,95.235,95.558,185837.07,2026-03-25 07:00:00+00:00
xyz:BRENTOIL,1774425600000,95.554,95.808,93.856,95.062,270356.51,2026-03-25 08:00:00+00:00
xyz:BRENTOIL,1774429200000,95.064,96.37,94.6,95.11,162757.65,2026-03-25 09:00:00+00:00
xyz:BRENTOIL,1774432800000,95.12,95.342,94.079,94.288,125928.73,2026-03-25 10:00:00+00:00
xyz:BRENTOIL,1774436400000,94.288,95.155,93.708,94.449,206262.12,2026-03-25 11:00:00+00:00
xyz:BRENTOIL,1774440000000,94.392,96.681,94.18,95.71,322219.36,2026-03-25 12:00:00+00:00
xyz:BRENTOIL,1774443600000,95.713,96.116,94.723,95.998,281825.03,2026-03-25 13:00:00+00:00
xyz:BRENTOIL,1774447200000,95.998,96.502,95.656,96.26,263561.83,2026-03-25 14:00:00+00:00
xyz:BRENTOIL,1774450800000,96.259,97.41,96.084,97.321,182386.77,2026-03-25 15:00:00+00:00
xyz:BRENTOIL,1774454400000,97.304,97.545,96.3,96.782,278904.93,2026-03-25 16:00:00+00:00
xyz:BRENTOIL,1774458000000,96.768,97.289,96.173,96.975,136832.71,2026-03-25 17:00:00+00:00
xyz:BRENTOIL,1774461600000,96.975,98.369,96.77,98.065,139877.58,2026-03-25 18:00:00+00:00
xyz:BRENTOIL,1774465200000,98.105,98.365,97.523,97.772,61063.34,2026-03-25 19:00:00+00:00
xyz:BRENTOIL,1774468800000,97.8,98.226,97.777,98.017,36081.48,2026-03-25 20:00:00+00:00
xyz:BRENTOIL,1774472400000,98.046,98.063,97.539,97.929,49492.08,2026-03-25 21:00:00+00:00
xyz:BRENTOIL,1774476000000,97.956,98.128,97.706,97.853,44859.73,2026-03-25 22:00:00+00:00
xyz:BRENTOIL,1774479600000,97.855,98.104,97.694,97.869,34682.39,2026-03-25 23:00:00+00:00
xyz:BRENTOIL,1774483200000,97.875,98.446,97.741,98.034,37232.9,2026-03-26 00:00:00+00:00
xyz:BRENTOIL,1774486800000,98.024,98.49,97.794,98.024,34597.26,2026-03-26 01:00:00+00:00
xyz:BRENTOIL,1774490400000,98.06,98.789,97.801,98.683,76021.16,2026-03-26 02:00:00+00:00
xyz:BRENTOIL,1774494000000,98.694,98.924,98.278,98.469,50768.78,2026-03-26 03:00:00+00:00
xyz:BRENTOIL,1774497600000,98.479,98.768,98.25,98.714,61516.78,2026-03-26 04:00:00+00:00
xyz:BRENTOIL,1774501200000,98.743,99.162,98.479,99.099,52665.53,2026-03-26 05:00:00+00:00
xyz:BRENTOIL,1774504800000,99.131,99.321,98.826,99.123,87037.84,2026-03-26 06:00:00+00:00
xyz:BRENTOIL,1774508400000,99.124,99.946,99.124,99.702,306689.52,2026-03-26 07:00:00+00:00
xyz:BRENTOIL,1774512000000,99.702,100.8,99.292,100.37,193037.14,2026-03-26 08:00:00+00:00
xyz:BRENTOIL,1774515600000,100.32,100.7,99.95,100.37,54258.64,2026-03-26 09:00:00+00:00
xyz:BRENTOIL,1774519200000,100.39,100.61,99.668,100.36,82832.76,2026-03-26 10:00:00+00:00
xyz:BRENTOIL,1774522800000,100.37,101.83,100.25,101.78,117296.13,2026-03-26 11:00:00+00:00
xyz:BRENTOIL,1774526400000,101.77,102.08,101.22,101.79,175884.15,2026-03-26 12:00:00+00:00
xyz:BRENTOIL,1774530000000,101.82,101.83,100.32,100.53,364495.22,2026-03-26 13:00:00+00:00
xyz:BRENTOIL,1774533600000,100.54,101.68,100.06,101.13,267403.86,2026-03-26 14:00:00+00:00
xyz:BRENTOIL,1774537200000,101.11,101.94,101.01,101.78,149442.32,2026-03-26 15:00:00+00:00
xyz:BRENTOIL,1774540800000,101.78,102.43,101.52,101.73,261120.42,2026-03-26 16:00:00+00:00
xyz:BRENTOIL,1774544400000,101.71,102.34,101.61,102.24,111344.6,2026-03-26 17:00:00+00:00
xyz:BRENTOIL,1774548000000,102.23,102.28,101.11,101.37,82149.42,2026-03-26 18:00:00+00:00
xyz:BRENTOIL,1774551600000,101.33,101.74,101.16,101.29,59969.96,2026-03-26 19:00:00+00:00
xyz:BRENTOIL,1774555200000,101.3,101.44,96.663,101.15,785459.16,2026-03-26 20:00:00+00:00
xyz:BRENTOIL,1774558800000,101.12,101.16,100.63,101.02,59000.9,2026-03-26 21:00:00+00:00
xyz:BRENTOIL,1774562400000,101.02,101.13,100.56,100.83,39451.72,2026-03-26 22:00:00+00:00
xyz:BRENTOIL,1774566000000,100.83,101.07,100.38,100.67,39181.88,2026-03-26 23:00:00+00:00
xyz:BRENTOIL,1774569600000,100.66,101.52,99.975,101.35,92225.33,2026-03-27 00:00:00+00:00
xyz:BRENTOIL,1774573200000,101.35,101.54,100.26,100.34,71653.11,2026-03-27 01:00:00+00:00
xyz:BRENTOIL,1774576800000,100.32,100.68,98.929,100.47,123583.03,2026-03-27 02:00:00+00:00
xyz:BRENTOIL,1774580400000,100.46,101.09,100.46,100.83,54436.9,2026-03-27 03:00:00+00:00
xyz:BRENTOIL,1774584000000,100.84,101.23,100.81,101.2,34133.64,2026-03-27 04:00:00+00:00
xyz:BRENTOIL,1774587600000,101.2,101.53,100.86,101.5,53701.22,2026-03-27 05:00:00+00:00
xyz:BRENTOIL,1774591200000,101.48,102.0,101.11,101.86,75349.47,2026-03-27 06:00:00+00:00
xyz:BRENTOIL,1774594800000,101.87,102.94,101.75,102.54,169249.25,2026-03-27 07:00:00+00:00
xyz:BRENTOIL,1774598400000,102.54,104.1,102.2,103.26,294191.21,2026-03-27 08:00:00+00:00
xyz:BRENTOIL,1774602000000,103.24,104.06,102.85,103.33,171498.91,2026-03-27 09:00:00+00:00
xyz:BRENTOIL,1774605600000,103.33,104.47,102.84,104.39,106071.86,2026-03-27 10:00:00+00:00
xyz:BRENTOIL,1774609200000,104.38,104.61,103.72,104.0,99999.68,2026-03-27 11:00:00+00:00
xyz:BRENTOIL,1774612800000,103.99,104.6,103.76,103.8,81618.76,2026-03-27 12:00:00+00:00
xyz:BRENTOIL,1774616400000,103.82,104.7,103.62,104.0,231988.4,2026-03-27 13:00:00+00:00
xyz:BRENTOIL,1774620000000,104.0,104.09,102.68,103.71,118801.1,2026-03-27 14:00:00+00:00
xyz:BRENTOIL,1774623600000,103.69,104.35,102.93,104.16,304822.09,2026-03-27 15:00:00+00:00
xyz:BRENTOIL,1774627200000,104.19,104.55,103.72,104.39,216850.87,2026-03-27 16:00:00+00:00
xyz:BRENTOIL,1774630800000,104.36,104.96,103.86,104.89,139567.3,2026-03-27 17:00:00+00:00
xyz:BRENTOIL,1774634400000,104.87,105.55,104.35,104.91,215448.34,2026-03-27 18:00:00+00:00
xyz:BRENTOIL,1774638000000,104.87,106.76,104.69,105.41,349788.65,2026-03-27 19:00:00+00:00
xyz:BRENTOIL,1774641600000,105.39,106.73,104.69,106.66,221850.06,2026-03-27 20:00:00+00:00
xyz:BRENTOIL,1774645200000,106.69,107.75,106.15,106.61,144580.45,2026-03-27 21:00:00+00:00
xyz:BRENTOIL,1774648800000,106.57,107.99,106.46,107.44,86210.88,2026-03-27 22:00:00+00:00
xyz:BRENTOIL,1774652400000,107.46,107.76,107.16,107.59,36424.69,2026-03-27 23:00:00+00:00
xyz:BRENTOIL,1774656000000,107.57,107.83,106.12,107.03,68207.6,2026-03-28 00:00:00+00:00
xyz:BRENTOIL,1774659600000,107.03,107.49,106.49,106.59,24059.42,2026-03-28 01:00:00+00:00
xyz:BRENTOIL,1774663200000,106.59,107.17,106.55,107.08,12306.46,2026-03-28 02:00:00+00:00
xyz:BRENTOIL,1774666800000,107.08,107.47,106.51,107.25,30769.33,2026-03-28 03:00:00+00:00
xyz:BRENTOIL,1774670400000,107.23,108.09,107.2,107.74,60332.26,2026-03-28 04:00:00+00:00
xyz:BRENTOIL,1774674000000,107.73,107.97,107.1,107.4,21464.87,2026-03-28 05:00:00+00:00
xyz:BRENTOIL,1774677600000,107.42,107.49,105.5,106.67,58176.21,2026-03-28 06:00:00+00:00
xyz:BRENTOIL,1774681200000,106.65,106.84,105.84,106.44,39662.73,2026-03-28 07:00:00+00:00
xyz:BRENTOIL,1774684800000,106.44,106.53,105.17,105.4,61468.07,2026-03-28 08:00:00+00:00
xyz:BRENTOIL,1774688400000,105.38,106.54,105.01,105.83,39368.59,2026-03-28 09:00:00+00:00
xyz:BRENTOIL,1774692000000,105.8,106.78,105.61,106.04,17505.19,2026-03-28 10:00:00+00:00
xyz:BRENTOIL,1774695600000,106.04,107.48,105.94,106.99,26275.52,2026-03-28 11:00:00+00:00
xyz:BRENTOIL,1774699200000,106.98,107.5,106.23,106.52,28605.03,2026-03-28 12:00:00+00:00
xyz:BRENTOIL,1774702800000,106.52,106.74,104.77,105.63,54675.88,2026-03-28 13:00:00+00:00
xyz:BRENTOIL,1774706400000,105.62,106.63,105.62,105.86,27417.39,2026-03-28 14:00:00+00:00
xyz:BRENTOIL,1774710000000,105.86,106.35,105.85,106.09,21435.9,2026-03-28 15:00:00+00:00
xyz:BRENTOIL,1774713600000,106.09,106.5,106.02,106.25,23055.1,2026-03-28 16:00:00+00:00
xyz:BRENTOIL,1774717200000,106.25,106.48,106.15,106.46,7871.89,2026-03-28 17:00:00+00:00
xyz:BRENTOIL,1774720800000,106.44,106.48,106.23,106.34,5074.51,2026-03-28 18:00:00+00:00
xyz:BRENTOIL,1774724400000,106.34,107.01,106.03,106.64,34056.0,2026-03-28 19:00:00+00:00
xyz:BRENTOIL,1774728000000,106.64,106.95,106.15,106.68,11570.57,2026-03-28 20:00:00+00:00
xyz:BRENTOIL,1774731600000,106.68,107.02,106.5,106.84,13246.75,2026-03-28 21:00:00+00:00
xyz:BRENTOIL,1774735200000,106.84,107.09,106.66,106.97,13668.04,2026-03-28 22:00:00+00:00
xyz:BRENTOIL,1774738800000,106.98,107.45,106.87,107.3,18498.24,2026-03-28 23:00:00+00:00
xyz:BRENTOIL,1774742400000,107.3,107.72,107.0,107.51,31051.74,2026-03-29 00:00:00+00:00
xyz:BRENTOIL,1774746000000,107.56,107.75,107.51,107.72,12585.78,2026-03-29 01:00:00+00:00
xyz:BRENTOIL,1774749600000,107.7,107.72,107.51,107.64,9781.92,2026-03-29 02:00:00+00:00
xyz:BRENTOIL,1774753200000,107.66,107.71,107.51,107.61,20116.36,2026-03-29 03:00:00+00:00
xyz:BRENTOIL,1774756800000,107.61,107.75,106.48,106.87,25118.16,2026-03-29 04:00:00+00:00
xyz:BRENTOIL,1774760400000,106.87,107.47,106.2,107.19,23490.01,2026-03-29 05:00:00+00:00
xyz:BRENTOIL,1774764000000,107.19,108.0,107.13,107.65,32310.95,2026-03-29 06:00:00+00:00
xyz:BRENTOIL,1774767600000,107.65,107.94,107.39,107.76,12358.98,2026-03-29 07:00:00+00:00
xyz:BRENTOIL,1774771200000,107.79,107.99,107.71,107.81,10093.49,2026-03-29 08:00:00+00:00
xyz:BRENTOIL,1774774800000,107.83,107.92,107.48,107.76,8565.76,2026-03-29 09:00:00+00:00
xyz:BRENTOIL,1774778400000,107.76,108.34,107.67,108.25,29641.76,2026-03-29 10:00:00+00:00
xyz:BRENTOIL,1774782000000,108.22,108.31,108.03,108.16,14150.37,2026-03-29 11:00:00+00:00
xyz:BRENTOIL,1774785600000,108.17,108.33,107.97,108.06,9987.08,2026-03-29 12:00:00+00:00
xyz:BRENTOIL,1774789200000,108.05,108.57,108.05,108.57,27390.14,2026-03-29 13:00:00+00:00
xyz:BRENTOIL,1774792800000,108.57,108.91,108.54,108.91,24879.22,2026-03-29 14:00:00+00:00
xyz:BRENTOIL,1774796400000,108.87,109.01,108.49,108.6,42742.49,2026-03-29 15:00:00+00:00
xyz:BRENTOIL,1774800000000,108.57,108.78,107.4,107.87,50282.32,2026-03-29 16:00:00+00:00
xyz:BRENTOIL,1774803600000,107.88,108.04,107.58,107.96,40196.24,2026-03-29 17:00:00+00:00
xyz:BRENTOIL,1774807200000,107.96,108.04,107.35,107.94,34222.53,2026-03-29 18:00:00+00:00
xyz:BRENTOIL,1774810800000,107.92,108.46,107.86,108.39,34731.46,2026-03-29 19:00:00+00:00
xyz:BRENTOIL,1774814400000,108.39,108.52,107.5,107.51,76826.36,2026-03-29 20:00:00+00:00
xyz:BRENTOIL,1774818000000,107.58,108.91,107.2,108.12,64138.19,2026-03-29 21:00:00+00:00
xyz:BRENTOIL,1774821600000,108.12,108.69,106.2,107.65,336934.93,2026-03-29 22:00:00+00:00
xyz:BRENTOIL,1774825200000,107.68,108.58,107.5,108.48,86981.34,2026-03-29 23:00:00+00:00
xyz:BRENTOIL,1774828800000,108.48,109.24,106.76,109.23,304686.69,2026-03-30 00:00:00+00:00
xyz:BRENTOIL,1774832400000,109.22,109.33,108.03,108.04,102522.02,2026-03-30 01:00:00+00:00
