address,display_name,account_value_usd,pnl_day,pnl_week,pnl_month,pnl_alltime,roi_day,roi_week,roi_month,roi_alltime,volume_day,volume_week,volume_month,rank,vol_pnl_ratio,quality_score,current_margin_usd,current_unrealized_pnl,n_open_positions,open_assets,max_leverage_open
0xaa99d707a7a44d498f906f795e42303e68ec74c4,,3580.991225,0.0,22522.235085,22999.261097,10171091.401225,0.0,6.0799488584,7.1264269378,131.7887520871,0.0,23193.71,23193.71,1,0.002280356068494927,0.9530142399199053,0.001044,0.0,0,,0.0
0xfacb7404c1fad06444bda161d1304e4b7aa14e77,,681.756689,496.092932,496.832538,487.637655,1964416.096689,2.6719966245,2.6866828119,2.5120548199,5.1166194093,0.0,0.0,0.0,2,0.0,0.927229087085337,0.0,0.0,0,,0.0
0x5b28335f6d5cd5a1ac3b66eb2edd2b917e7aa4a4,,997147.495073,32946.496909,353756.031124,945589.838577,945521.865073,0.0347516339,0.5498301593,10.5584477707,10.54968166,0.0,3583232.7,28455876.85,3,30.095419155434378,0.9157629233200628,0.0,0.0,0,,0.0
0xeb2c29a8917422b3ff466f74539b206318c40118,,660330.134641,24358.417847,138978.232502,523523.412362,621778.804641,0.0383037619,0.2665953722,3.8267374851,16.1285954244,0.0,631272.74,13292842.14,4,21.378731537294787,0.9091901905972488,646848.084247,0.0,1,BTC,20.0
0x9cd0a696c7cbb9d44de99268194cb08e5684e5fe,,4040844.126696,13464.100965,790296.337174,2621343.819927,4163868.106696,0.0033432377,0.2423900861,1.6993747513,41638.68106696,0.0,0.0,0.0,5,0.0,0.9089469170734842,10.0,0.0,0,,0.0
0x922197fd26290e3af3da0c35e7f4f299d95e8741,,38496.927091,-9503.458183,-56228.454441,41581.223667,508808.127091,-0.197987123,-0.5935943834,3.5004153289,113.5260012669,0.0,15583450.05,45285399.93,6,89.00290211343409,0.9060459406896242,0.006457,0.0,0,,0.0
0x1c81fb7100276aef766092e16cfcf61097e97a5d,,533952.374187,65392.484462,182506.734207,501809.684187,502178.764187,0.1395605682,0.5193028834,9.4315909758,9.5044595286,0.0,151134957.3,258201506.93,7,514.1625360204431,0.9058402872367706,517519.842556,0.0,2,"BTC,SOL",39.0
0x34abcfd624440f57e5ca958969799dc0a38e18b8,,297770.648695,36609.233502,111677.153264,256084.424785,331716.258695,0.1423196729,0.6001131475,4.4858369117,3317.16258695,120163.03,1248902.85,23202744.13,8,69.94756368373852,0.899337756517423,0.719579,0.0,1,TAO,5.0
0x6b33716d771cf8e1a7b80e05a5ed25b75d863e3e,tenadome,1606.226244,1514.771141,1526.477302,1564.77828,290836.636244,15.14771141,15.26477302,15.6477828,5.4689617755,0.0,0.0,0.0,9,0.0,0.8972754227118795,0.0,0.0,0,,0.0
0x6f31fef250a34a025f7784a2e3a02b4921b30394,ibench240,75997.08436,-406.845802,2028.784115,20910.086475,233074.90436,-0.0208240066,0.1186304475,3.7436020166,30.9678938374,196629.7,1084589.28,2335614.76,10,10.020876191769169,0.8938036288284112,2124.731111,0.0,2,"BTC,PURR",40.0
0xfbcde59cfddb74fe367876400f1b74ce459a2d78,,114625.205478,-574.872424,-8755.938851,79117.417144,186964.075478,-0.0128691705,-0.0827182395,2.033310533,31.4987869949,213890.77,1815132.18,9453016.8,11,50.56060516348946,0.890346867667934,44095.638612,0.0,0,,0.0
0x36076e4bfad9624d7feba562326fdfa2063ede23,,71441.12934,-2204.506259,13018.022048,47230.02488,311943.177098,-0.0299339702,0.2209323836,1.9112874925,3119.43177098,367482.77,4058493.0,7632579.55,12,24.467852193485065,0.8895027701497235,14989.784093,0.0,0,,0.0
0x5e56ef6d97424b606175366cc735cd26ac1d1086,,0.0,0.0,0.0,103026.73,146094.32,0.0,0.0,1.9235354071,13.9223102976,0.0,0.0,11428711.18,13,78.22830606966787,0.8788324873787653,0.0,0.0,0,,0.0
0x97be9c7904f9c772a3efbf9e10286b91ba8a773e,,91311.622364,-354.027317,18084.088851,70066.694291,85696.37,-0.003862159,0.2469575033,2.9653597796,10.7120730302,124389.96,8156309.14,17940907.15,14,209.35434196337604,0.8781141067952543,0.0,0.0,0,,0.0
0xb3269f7c41298812b9e13bc232ed6efd014327ee,,2604.980349,1880.27626,1880.279832,1880.279823,67448.500349,2.5945434675,2.5945253834,2.5945253388,10.403283596,0.0,0.0,0.0,15,0.0,0.8743593963499563,0.0,0.0,0,,0.0
0x28736f43f1e871e6aa8b1148d38d4994275d72c4,,5909.719349,47.642233,1347.55963,3833.849214,159964.679349,0.0116279375,0.2953775652,1.8468637076,31.6559782287,3242.05,76859.88,272551.83,16,1.7038250638152754,0.8725875862030912,2761.542,0.0,0,,0.0
0x1b478d47cc1bce09b93d783c7d48dbd74078dd2f,,3.739064,0.34468,1.163638,440.38702,60230.849064,0.0017234,0.00581819,2.2019351,7.334758459,0.0,0.0,643181.05,17,10.6785984258095,0.8725846510361386,0.0,0.0,0,,0.0
0x5bcb8556d5e8d7fee989cf06045a4275e5d9b800,,2543572.007838,0.0,52554.89,52554.23,52554.23,0.0,525.5489,525.5423,525.5423,0.0,2053838.94,2055636.17,18,39.1145711772392,0.8704467529746382,0.0,0.0,0,,0.0
0x37c2a0912e44ea4c293866dfa3735d58ef1ecb4f,,5021.425319,-259.806265,1409.130454,13297.361925,50348.925319,-0.0733078441,0.3048551629,2.7021318078,125.7151693358,207079.41,4570455.98,21592055.87,19,428.84839613154327,0.8697745470497837,3101.798281,0.0,0,,0.0
0x003a85c562730b196f7cba202a2515f2ff855736,,146844.043361,13801.963362,-79652.971549,107642.480687,739147.623361,0.1037413378,-0.3516733833,2.4917089737,4.5754126794,19998.79,12075977.81,26262574.06,20,35.530891570185496,0.8694429111096014,140402.86515,0.0,2,"BTC,TAO",40.0
0x46e72c07fd38de79a5b2411af8749c8e948176b6,,238.621092,134.359092,133.499312,134.103779,2141225.741092,1.2886678943,1.26994912,1.2830771778,10.6731915537,0.0,0.0,0.0,21,0.0,0.8568882479047049,0.0,0.0,0,,0.0
0x9794bbbc222b6b93c1417d01aa1ff06d42e5333b,,2032.14089,0.0,376.419383,778.638681,144135218.99089,0.0,0.2273446237,0.6211705695,7.586656599,0.0,0.0,0.0,22,0.0,0.85670485900466,0.0,0.0,0,,0.0
0xe0d8fd312d7bd72d7de328923d7dcf08340c0f83,,3476.002439,330.467489,932.652726,2224.248827,63670.662439,0.1050592329,0.366702511,1.7769062583,16.6080788559,0.0,16485.63,129029.41,23,2.0265127620372616,0.8511461747768576,3108.086268,0.0,3,"kPEPE,ZRO,TAO",10.0
0xaa7f0d3da989dae8fd166345a3ce21509f8c8bb4,,156768.62848,659.611169,46406.927086,224090.055681,376798.76848,0.0042258338,0.4204984746,1.4672384474,3767.9876848,0.0,0.0,0.0,24,0.0,0.8480598488790063,0.0,0.0,0,,0.0
0x6a9edc73adbcfd02f58ee95b3cbf742973f641c2,,419918.047839,21715.595208,-20123.188171,217969.896743,3622687.667839,0.0545203653,-0.0457198429,1.0491209251,42.0193436294,113940.16,310838.98,9865168.65,25,2.72316289852411,0.8417382933096029,0.0,0.0,0,,0.0
0x613ead0ea5af374af0ccfc117ef116a8e8d133fe,Sticky,280979.083145,-15215.265662,1302.04207,176029.991049,2044113.603145,-0.0516962675,0.0039482496,1.1201464081,21.9048860685,0.0,1984588.51,2372131.19,26,1.1604693527553085,0.8398673493042756,279911.548114,0.0,1,HYPE,10.0
0xc6758a779bccee1ef0190dbe8292fdf44076795d,,1947742.086522,57572.90191,256552.984684,1008772.508511,2484711.796522,0.0304591281,0.1516997623,0.9750192934,6.934783361,0.0,0.0,10426376.66,27,4.1962116791953195,0.8284154532757563,1923808.212087,0.0,2,"BTC,TRUMP",12.0
0x99967871e6c4f9a5185abc57edede9e9540191f6,,4904676.286307,143989.729012,518780.632725,1821622.139987,26785589.246307,0.044387346,0.1182838521,0.5908498695,7.4020362194,0.0,0.0,1715898.13,28,0.06406049589656032,0.8272833873983015,3387085.779503,0.0,1,LIT,2.0
0xf94df160beb58f3e45b24d4b61d38f3eea20a196,,821.666683,255.904543,277.187615,426.417498,1116196.546683,0.4523182534,0.5090877341,1.0788573745,5.6401613253,0.0,0.0,0.0,29,0.0,0.8262508491219385,54.032562,0.0,0,,0.0
0xbe10fd36393c8b677281d0bc2cf1bb8c98ad4b34,,283116.19889,-22255.206015,12629.968118,152317.841403,923866.02889,-0.0978461229,0.0451737844,1.0703347801,6.7181381565,118119.29,244323.17,3094455.9499999997,30,3.34946394091133,0.8224330733318366,156866.646639,0.0,1,HYPE,5.0
0xbd9c944dcfb31cd24c81ebf1c974d950f44e42b8,guy.neet,731036.202023,41023.330256,104438.986351,363204.473412,2272183.362023,0.1384859662,0.1640324235,0.9127306341,18.3788348077,150236.38,5996604.96,33786476.36,31,14.86960820359092,0.8207844619041144,195607.889167,0.0,5,"BTC,SOL,HYPE,VVV,PAXG",40.0
0x493db0ed7514c975e9abcc110bd40c473b6763e3,,51583690.287528,0.0,980786.419653,14185245.190952,61892597.407528,0.0,0.0193820185,0.3773731085,237.3219039325,0.0,0.0,0.0,32,0.0,0.8190691404359902,0.0,0.0,0,,0.0
0x612ca98c658c7a2de1f239a1d2a9e18c356e724a,,72901.033869,0.0,2327.162611,34820.728235,1940281.383869,0.0,0.0329748471,0.914402541,19.0492327553,0.0,7560145.79,52002608.57,33,26.801580947143183,0.8184754918027286,33471.064465,0.0,0,,0.0
0x4e14fc11f58b64740e66e4b1aa188a4b007c0eab,,58671850.490974,-10404.184187,1111877.068229,15624056.649851,56385671.270974,-0.0408806771,0.0193168447,0.3629467449,24.6637143657,0.0,0.0,0.0,34,0.0,0.816165259996498,246408.661947,0.0,1,ETH,25.0
0x8dc34ec570b92888f77adc3edfe74c8e987fb655,,18987.860702,1298.438224,135.11985,12079.655546,84207.350702,0.0737064978,0.0071671197,1.7485953693,4.6346332504,0.0,474512.08,1300919.0,35,15.448995713020361,0.8161621111246703,0.0,0.0,0,,0.0
0x572c3a462fa05495656220cd91d555188a3e6a90,,165127.518901,4414.083109,46656.978645,92388.103262,171788.408901,0.0274655521,0.3938277018,1.2701244401,9.430620382,0.0,0.0,280084.36,36,1.6304031325036017,0.8160318742834587,972.39931,0.0,1,HYPE,10.0
0xbdfa4f4492dd7b7cf211209c4791af8d52bf5c50,,40099558.63765401,5434.618442,691241.370533,12567492.446498001,73944118.12765399,0.0568513485,0.0175404945,0.3170384061,6.6576240602,0.0,1068843.97,4137721.8000000003,37,0.05595741628640175,0.8158254661786842,8940.427512,0.0,1,VVV,3.0
0x13c50dcdee4bbcba71baf578b345cdd35c7928be,,37582004.136346,0.0,599226.460826,10113653.878288,49169999.316346,0.0,0.0162028517,0.3681929851,41.9038619211,0.0,0.0,50823.55,38,0.001033629259846345,0.8145426596571472,282654.322038,0.0,0,,0.0
0xf517639a8872e756ac98d3c65507d2ebc25cc032,NMTD -Thank you Jeff,4470200.2514039995,-28016.320751,309829.5455299999,1435702.638423,25926389.401404,-0.0094446964,0.0744699029,0.4468483055,34.902588601,3501235.11,371069115.75,915139816.54,39,35.297619054138025,0.8123719876247042,2172045.373604,0.0,30,"BTC,ETH,SOL,SUI,kPEPE,CRV,LINK,STX,XRP,AAVE,WLD,DOT,ADA,TON,GMT,TAO,PURR,HYPE,FARTCOIN,TRUMP,IP,PUMP,XPL,WLFI,SKY,ASTER,ZEC,MON,XMR,AXS",40.0
0x56498e5f90c14060499b62b6f459b3e3fb9280c5,,2783.660278,45.220185,387.863601,765.433274,38668192.070278,0.0165131182,0.1618933713,0.379260248,8.5924525515,0.0,0.0,0.0,40,0.0,0.8118817645562064,1219.698679,0.0,0,,0.0
0xf3e0382cd43a83fb92cddd433425d3540cf143f0,,2208.736412,0.0,430.303019,1199.610589,195912.036412,0.0,0.2419562187,1.188762156,7.6888554322,0.0,0.0,0.0,41,0.0,0.8099561558813242,11.407448,0.0,0,,0.0
0xa11f83cbb07fd0327415bd424b986132e009f643,,1180051.545136,25817.044817,216014.732625,614984.74298,1373292.985136,0.0223633767,0.2185873303,0.8831435042,12.4165179805,0.0,429039.92,10133782.91,42,7.379184936997571,0.8099298928019077,1172253.30341,0.0,4,"BTC,ETH,WLD,TAO",40.0
0x03b9a189e2480d1e4c3007080b29f362282130fa,,39885915.71009801,19.130366,662830.17248,10051706.650912,45534067.89009801,1.10333e-05,0.0168989378,0.3286530374,12.2214465671,303736.3,7178693.0200000005,35302558.84,43,0.7752999122592562,0.8093840036598068,1069666.674844,0.0,0,,0.0
0xbee95bb47bc4e28bb1fd489a2d0f873fe59172ad,,23376903.592437,0.0,428792.321556,6428790.687077,28724357.162437,0.0,0.018685299,0.3793219176,181.1716055666,0.0,0.0,0.0,44,0.0,0.8072264042217911,0.0,0.0,0,,0.0
0x0e8bf301805df4e6ba7151297e5f7dfedc1eaab9,,26021325.223725,0.0,401691.344638,6958213.821633,31164538.373725,0.0,0.0156790431,0.3650093458,11.4134218363,0.0,0.0,0.0,45,0.0,0.8070737056417372,0.0,0.0,0,,0.0
0x1da722cfa8b0dfda57cf8d787689039c7a63f049,EARLY,5944703.413717,0.0,574681.349978,3945431.763719,24999624.973717,0.0,0.0431890078,0.3971067242,89.0645141256,0.0,0.0,0.0,46,0.0,0.8068270321152149,1810.15264,0.0,0,,0.0
0x7ca6cf3d025d00d8b1f42c2d1131061da148d415,,423.899529,-35.420178,24.744279,228.36481,172844.999529,-0.0771144313,0.061991616,1.1678990369,73.0843512849,0.0,4424.62,11587.47,47,0.0670396599934952,0.8059054846943591,330.738234,0.0,1,FARTCOIN,10.0
0x0f991873aab3e14191978946d48f30f624ae9867,,15526457.778958,0.0,296989.615475,4161977.377868,24482385.318958,0.0,0.019500984,0.3662268076,66.5885852801,0.0,0.0,0.0,48,0.0,0.803411198410492,0.003703,0.0,0,,0.0
0xfff7ab666e2b528a8008f23f36975bdd169dde5a,,85963.270236,4140.319285,23703.878039,47836.190869,77695.740236,0.053279006,0.3807277457,1.2546513308,7.9954206713,74949.27,627151.81,6175069.39,49,79.47757973916319,0.8020423611641696,40789.98038,0.0,2,"BTC,HYPE",30.0
0xb4a9964201c213af0c9c7f62af561813c9a2f1f7,,382482.010509,-20958.193429,32978.114827,143757.137451,4894440.070509,-0.0519486983,0.0943569306,0.6021875124,172.271837862,0.0,822286.21,6342461.19,50,1.2958502093458901,0.8017631146595721,82572.194372,0.0,1,HYPE,10.0
0x8a3cf3c4b300be69429cce5beb2ef14d7200b6b7,,882949.692079,-58460.723241,33526.287888,418447.50758,1597003.762079,-0.0708502829,0.0383409792,0.7756149435,6.0935820705,0.0,0.0,487306.31,51,0.3051378597666034,0.8015435794427457,771647.566346,0.0,1,HYPE,10.0
0x5bca4075dfc8065235cf75c6b15b410e62845fec,RichardPinner,3491.59336,0.0,-186.31902,3871.714537,1426842.90336,0.0,-0.0506589067,0.791698713,23.842894862,0.0,18790.09,2056509.45,52,1.4413005420268972,0.801385255469848,0.0,0.0,0,,0.0
0xbbbc35dfac3a00a03a8fde3540eca4f0e15c5e64,,8643286.268438,0.0,136858.93124,2309708.2514,21121234.668438,0.0,0.016088885,0.3646766875,11.3209838563,0.0,0.0,0.0,53,0.0,0.8009404919035006,0.0,0.0,0,,0.0
0x9ff588d01f8948c25b3dd8a36fc583b019fd4a61,,2290649.210331,0.0,41065.672379,626873.719274,17008518.690331,0.0,0.0182547888,0.3767778301,17.5790518095,0.0,0.0,0.0,54,0.0,0.7987546520194734,0.0,0.0,0,,0.0
0xc794b210337339ce83f5be21f0f62802c029b332,Liquid_Baron,538871.644594,96.83114,75176.661745,502996.226111,1074207.047252,0.0010720158,0.1621252429,0.8039565369,9.5351722542,0.0,24164587.03,108621337.92,55,101.11769253224638,0.7981594895484958,0.0,0.0,0,,0.0
0x17a4ce9320bec0ac79420f0af19848044a469d8d,,12933087.902444,0.0,226952.039628,3367803.973748,18807238.882444,0.0,0.0178616097,0.3520861481,25.9107266104,0.0,0.0,0.0,56,0.0,0.7978618580968677,0.0,0.0,0,,0.0
0x27d75d1a523be9736d416a6a9778b32b8f5fb6c5,,134.175413,69.711037,68.724353,69.872467,2011316.245413,0.69711037,0.68724353,0.69872467,6.4731929384,0.0,0.0,0.0,57,0.0,0.7974715367534677,0.0,0.0,0,,0.0
0x77375a8c9d13bf79afb2a87f1b0ac1dfd5f5bf66,,16823853.59073,237751.424293,106531.059558,4211341.592116999,28777940.370729998,0.04855663,0.0060127515,0.2805183802,8.8609812774,747258.69,49851863.53,214518985.42000002,58,7.454285562360361,0.7973752750428643,1319618.538745,0.0,3,"TAO,TRUMP,CC",10.0
0xa6e2dc44418f5ad213c86db4dbb203a59d13c49f,neet to $1,2749950.535282,109142.897127,340878.858262,1068816.57654,5336768.895282,0.0512096186,0.1414980142,0.5375949931,44.2172269106,49937.3,8478207.2,183212276.48,59,34.33018743644114,0.7966605925603686,1240424.739966,0.0,5,"BTC,ETH,SOL,NEAR,HYPE",25.0
0x807a2e2e469df84b299da5f90f15dda4380daca1,,14216426.95813,0.0,232436.705189,3304342.252492,23560939.14813,0.0,0.0166215107,0.3028121631,7.0352775689,0.0,0.0,0.0,60,0.0,0.79646815237908,1900434.577873,0.0,0,,0.0
0x508ccb22b21ddc918a5c59f8a74a44642000062a,@danielbkck,5500.702203,0.0,2837.925408,2140.795641,2671351.882203,0.0,1.0657766784,0.6371592785,14.6099329174,0.0,0.0,0.0,61,0.0,0.7957651963033502,0.0,0.0,0,,0.0
0xb2ee477ced8d69afdb5707b31170c782f5f26f5b,,405695.130944,-77.155208,7450.05432,111057.587406,13895205.700944,-0.0074809382,0.0187072101,0.3769295185,8.6076538659,0.0,0.0,0.0,62,0.0,0.7955995816978719,10272.576679,0.0,1,TAO,5.0
0x51156f7002c4f74f4956c9e0f2b7bfb6e9dbfac2,jefe,223469.200818,0.0,0.0,23821.267653,71746739.900818,0.0,0.0,0.119316375,5.9529067814,0.0,0.0,0.0,63,0.0,0.7955802100534284,0.2,0.0,0,,0.0
0xb82359e0fdf3095dd8471df3f3c26aba5b369763,,39547.558674,0.0,727.722106,10877.454169,13643415.428674,0.0,0.0187461404,0.3794005762,23.2626872298,0.0,0.0,0.0,64,0.0,0.79555993101618,0.0,0.0,0,,0.0
0xfae95f601f3a25ace60d19dbb929f2a5c57e3571,thank you jefef,7789749.869839,33584.878648,230533.1615,0.0,151121536.659839,0.0043300882,0.0304969642,0.0,35.1483021307,0.0,0.0,0.0,65,0.0,0.7953300242281918,2656714.008618,0.0,0,,0.0
0x8196e0648cb16e9151c2920618a58605706b5836,,16302201.462801,0.0,223506.940815,3234157.475694,29318519.662801,0.0,0.0139008139,0.2474859649,14.6592652669,0.0,0.0,0.0,66,0.0,0.794363861288329,0.0,0.0,0,,0.0
0x33631426077c380edb2fee05effae4e8f481b648,,7688082.94336,0.0,141999.650346,2111516.443062,13563228.85336,0.0,0.0186268006,0.3664619297,62.0490818686,0.0,0.0,0.0,67,0.0,0.7941736322520371,0.0,0.0,0,,0.0
0x547c8d938b98cd17ab7c653a0d98cca80eabb876,,2603124.685605,7.3e-05,153853.801144,973907.573012,2987692.355605,7.3e-07,0.0628161638,0.59777642,17.3126412516,0.0,130640826.18,434155905.26,68,145.31479603162975,0.7935818770881747,0.0,0.0,0,,0.0
0x6dbde1a1e0f199b0252e593a422b9340af03075a,,12581386.282926,0.0,173747.303273,3141663.442849,15059569.762926,0.0,0.0140031398,0.3328095766,103.173152752,0.0,0.0,2120020.17,69,0.14077561333917488,0.792449435948136,308761.547469,0.0,0,,0.0
0xa4dedda59f2908b92ae192cfd494839373bcb3c4,,3183657.220436,0.0,-52580.867757,772204.199978,16122130.850436,0.0,-0.0162475276,0.3202236135,63.4822021881,0.0,16289482.57,34099238.44,70,2.1150577895897573,0.7922599600930781,0.0,0.0,0,,0.0
0x6891ed9ee6a9d0649ffac2bcee814e6899a0e075,,705735.486126,-6583.078645,5233.078686,253911.267025,6222206.286126,-0.0259824197,0.0072630967,0.4686229557,20.9703517779,0.0,0.0,1073325.33,71,0.1724991555476477,0.7921704905440267,248658.676751,0.0,2,"HYPE,ZEC",10.0
0x2ea18c23f72a4b6172c55b411823cdc5335923f4,,3.838527,0.092567,1.454741,1.870821,106341324.52,0.00092567,0.01454741,0.01870821,6.7335227018,0.0,0.0,0.0,72,0.0,0.7916900568596976,0.0,0.0,0,,0.0
0x523852be2db1a76a0e088ecbff32e849544054e5,perpfumbler,4571760.087345,31006.116834,262714.655726,1422428.305108,6520776.737345,0.0204699678,0.0609681796,0.4515886573,1556.6901313057,676214.34,16063597.1,90336532.83,73,13.853646040760081,0.7912020136132796,755611.056129,0.0,0,,0.0
0x2ed8e7d874453b1136d54d84022200ec48172116,,2913978.433064,0.0,43767.30195,779792.066537,11083041.783064,0.0,0.015248278,0.3653643112,13.0825826788,0.0,0.0,0.0,74,0.0,0.7908971478174294,0.0,0.0,0,,0.0
0x6d8db35bc58c9cc930b0a65282e96c69d9715e06,,5866005.296692,0.0,118954.787669,1584375.976352,10704732.916692,0.0,0.0206984065,0.370040435,11.6150666751,0.0,0.0,0.0,75,0.0,0.7908201551962152,0.0,0.0,0,,0.0
0xcd87ea212314217b6aa64fdffb9954330db5de4f,,8169.060121,0.0,732.950415,5906.126848,87827.962982,0.0,0.1681035532,1.1216487423,878.27962982,0.0,408396.25,3069732.73,76,34.95165577993799,0.7906642509508057,4093.062982,0.0,0,,0.0
0xa69e24a291687a7cc0bb1d8bc09ba74e667d4d9e,,7906843.640779,0.0,95357.530445,1837644.975478,15789393.340779,0.0,0.0122073481,0.3027821426,11.0633383226,0.0,0.0,0.0,77,0.0,0.7901887930161106,0.0,0.0,0,,0.0
0xbde2ddc49a2e6827300faa6afc93d572114a60b1,,1.008861,0.000469,0.000625,0.0,97508580.878861,4.69e-06,6.25e-06,0.0,43.3280616192,0.0,0.0,0.0,78,0.0,0.7884594782775367,0.0,0.0,0,,0.0
0x0e7bfd73a9163e45913deec0b0992447b51dc995,,2368642.042206,0.0,48037.418951,639794.359017,9133041.922206,0.0,0.0207003892,0.3700698247,17.1815067792,0.0,0.0,0.0,79,0.0,0.7883331494939331,0.003373,0.0,0,,0.0
0x8463d6ffcbfb56bf20ab2e1111f9a0e8359533f2,,286960.651419,-20959.365919,21413.571055,106235.583109,5393609.621419,-0.1171522502,0.1405913089,0.4509122271,34.2949837651,376172.21,2059586.56,22324770.96,80,4.1391150874813585,0.7881584478202639,102298.932301,0.0,2,"BTC,HYPE",40.0
0xa41e03270ddf9877679fca5c1c86c8d5170f9e5b,,119.080462,23.786287,50.911145,61.501309,1832460.750462,0.23786287,0.50911145,0.61501309,6.4386097467,0.0,0.0,0.0,81,0.0,0.7876400118540812,0.0,0.0,0,,0.0
0x7e73ccc793e2448c4510249e71de9aee4442d7dd,Chillz,408159.806182,9429.124243,32781.316944,86796.33981,1759323.196182,0.0729963036,0.1681079008,0.6156352951,45.3712035633,687234.83,9013190.85,25829513.73,82,14.681505812038397,0.7870635360766675,29598.453504,0.0,1,BTC,40.0
0xbd2d67376d2e9abb125a70e817896425f5f22289,,9852.037774,-144.160522,163.217025,1099.602573,139414.217774,-0.0618965018,0.0807333581,1.0131835194,26.0812255182,0.0,39736.46,140106.73,83,1.0049672998712558,0.7870633855702263,2191.032877,0.0,1,HYPE,10.0
0x5db201ae15f9702f0a0ff9f00b8c1c18355373d0,,41049.865277,0.0,3293.644198,83288.66732,17268995.025277,0.0,0.0234123528,0.2534863848,101.7846340535,0.0,431097.54,5060902.16,84,0.2930629230358946,0.786663833621308,0.0,0.0,0,,0.0
0x4b66f4048a0a90fd5ff44abbe5d68332656b78b8,tung tung tung sahur,15460.144901,126.169128,3779.547178,5593.417623,2286732.883633,0.0082280766,0.3235748091,0.5668969523,5.9868157474,0.0,0.0,0.0,85,0.0,0.7863011842001728,2065.013633,0.0,0,,0.0
0xed6c13010aae59c10ede242ad28359649c50ce72,,750.662283,324.168098,357.413396,380.185557,120218.712283,0.7600762435,0.9088732551,1.0262063183,19.6053090492,0.0,0.0,0.0,86,0.0,0.7860427469488119,6.96,0.0,0,,0.0
0xcbd6b0dee49eea88a3343ff4e5a2423586b4c1d6,,4356929.729343,0.0,74583.344606,1185349.014182,7559382.069343,0.0,0.017416467,0.3737407686,54.3687595151,0.0,0.0,501.52,87,6.634404709267302e-05,0.7857348160088344,0.0,0.0,0,,0.0
0x8e096995c3e4a3f0bc5b3ea1cba94de2aa4d70c9,憨巴小龙,8041740.795311,119243.486767,767806.716117,367066.02671,60983995.885311,0.0437487987,0.1055544568,0.0423141853,14.5137890538,0.0,3884546.26,18099689.53,88,0.2967940894532234,0.7853313396639735,2054226.078577,0.0,14,"BTC,ETH,kPEPE,LDO,LINK,XRP,AAVE,WLD,kBONK,HBAR,POPCAT,PUMP,LINEA,MET",20.0
0x8bae3527e5a33fa0cf184f37bc112d071463ab6d,,4004151.4942,313261.660674,775355.041863,1621505.307917,7055444.117608,0.0922851994,0.2644095545,0.3793426986,14.110916457,8640986.53,20094563.2,57535683.95,89,8.1547926666176,0.7852131767408213,11643.699978,0.0,2,"CAKE,VIRTUAL",5.0
0xfc84a4bba95d3a13f91a9c0d735c0af04a18f4d0,,10175131.580664,-0.015132,-0.052076,2469727.252144,9808201.110664,-2.01e-08,-6.93e-08,0.3205188394,7.3145410786,0.0,0.0,0.0,90,0.0,0.7844964223953664,751146.055099,0.0,2,"BTC,HYPE",5.0
0xcb6eeb25417d2cd5dfeb52b54f72c49f7490bea9,vphill,132.710511,0.0,0.970484,1317.923142,502466.450511,0.0,0.0073666601,0.7864221815,10.6147681069,41.59,110.36,116466.77,91,0.23179014217079616,0.7844914860831698,0.0,0.0,0,,0.0
0x2f7288f375edf1d2215b3f2ffcd8bc2ec499aed4,,17.933918,0.0,1.282847,12599.868209,534959.313918,0.0,0.01282847,0.7741882196,79.5549512102,0.0,0.0,1851856.5,92,3.461677274926103,0.784250689442513,0.0,0.0,0,,0.0
0xd9225c2b6383f6e532c01c34d7588b1106b9e30b,,2484.296716,47.696976,0.0,615791.637578,18410391.326716,0.01957522,0.0,0.2162438093,513.371390421,0.0,0.0,3463400.19,93,0.18812203002845096,0.7839432014769302,0.0,0.0,0,,0.0
0x071d9fe61ce306aef04b7889780f889f444d7bf7,milady,4884821.054965,0.0,91243.359066,1403238.949075,8592513.794965,0.0,0.019033341,0.3313366305,9.3922344499,0.0,0.0,1097373.1,94,0.12771269574720187,0.7835031704799199,0.0,0.0,0,,0.0
0x90ee80619c9758baf30466bf69015c4c5447b85f,thank you jeff 33,396039.314945,0.0,7476.460256,105975.884374,6830005.134945,0.0,0.0192413149,0.3653541716,46.3108621059,0.0,0.0,0.0,95,0.0,0.7833050968888378,204.37,0.0,0,,0.0
0x656c8da58d738295e03550796dd83900aa7c6525,,34017.144447,0.0,2244.583078,1055.083437,56130974.434447,0.0,0.0706453298,0.0316842054,16.6688122035,0.0,0.0,0.0,96,0.0,0.782968013643154,0.005746,0.0,0,,0.0
0x9ab1c356e6af86361446497fce954b3cdf940206,,95662.486097,0.0,2048.204731,19747.953984,12460615.596097,0.0,0.0218791909,0.2601340407,8.9343066075,0.0,0.0,0.0,97,0.0,0.7822112581546753,0.0,0.0,0,,0.0
0x9a1500b41519868039b1f95c447ba50b76d837e6,,6105278.190657,0.0,122770.475134,1648786.142474,6141407.480657,0.0,0.0205215741,0.3699739896,106.7693693711,0.0,0.0,0.0,98,0.0,0.7821006335179662,229.277419,0.0,0,,0.0
0x5a106f5cf9fba6af5dda6bde1b8f3bacbd532c37,,5881560.710285,0.0,95349.074606,1598054.525848,5985518.280285,0.0,0.0164360614,0.3719925214,77.6272620929,0.0,12737.65,12737.65,99,0.002128078038280337,0.7818993117552033,53.0026,0.0,0,,0.0
0x156115e100141e9330620c253225cc5ee598a31a,,21683691.539072,0.0,245086.836767,4262793.941396,18939778.359072,0.0,0.011432033,0.2446942769,4.9449424369,0.0,0.0,0.0,100,0.0,0.7817270353113017,0.0,0.0,0,,0.0
0x0871deb34bfd2052b1c10dc4f6c0912a2a47e927,PURRINA Pro Plan,3305821.474011,0.0,41033.693693,790238.999667,8442227.334011,0.0,0.0125064764,0.3121265655,6.6699984742,15720.89,15720.89,81249.17,101,0.00962413907911167,0.7813054698746206,0.0,0.0,0,,0.0
0xaac84e8df34f86edeafe037826c0d4a833237013,Nexus,4036705.883177,0.0,57728.343025,1057839.577528,6249412.793177,0.0,0.0145079714,0.3551029013,56.7045615236,0.0,0.0,272961.85,102,0.04367799968310862,0.7808869006725092,0.0,0.0,0,,0.0
0xaf0fdd39e5d92499b0ed9f68693da99c0ec1e92e,,9537806.130009001,31342.704557,164367.65865,3372017.0369,18636167.870009,0.0061397442,0.016195871,0.2274263641,4.9559701995,0.0,10377393.34,83185973.1,103,4.463684469910273,0.7808496121027381,5103178.14435,0.0,2,"ETH,LIT",20.0
0x01b7e73cdad95d407e8696e04194a75f19744801,,243941.888784,-9220.640562,6081.103893,103899.00225,500542.704689,-0.0364845472,0.0256126779,0.7442214512,8.5228386322,0.0,0.0,0.0,104,0.0,0.7802112615022229,244415.693508,0.0,1,HYPE,10.0
0x6aabd336c0e52f0c20d9db89e0824fc3a3233480,,4284686.75465,0.0,85080.919008,1151352.888734,5140924.45465,0.0,0.020259263,0.3674529871,7.3140263441,0.0,0.0,0.0,105,0.0,0.779060118227662,0.00601,0.0,0,,0.0
0x69906b0ed626ca01a4b7c001e5711e5714ccf207,stuxfred,5084934.367105999,3295.59845,306427.449188,1164363.208401,8204027.607105999,0.0030056731,0.064124851,0.2906078087,24.008976441,233502.33,11568908.92,69794511.72000001,106,8.50734725216512,0.7787047881670258,935811.30773,0.0,4,"BTC,ETHFI,HYPE,PAXG",40.0
0x0d446c3372a9ba9cddef0eef7a1afab6dc0e8c0b,,52183910.954831,0.0,0.03726,0.0,52159519.424831,0.0,7e-10,0.0,869.3253237472,0.0,0.0,0.0,107,0.0,0.7786489026870393,0.0,0.0,0,,0.0
0xc4d4fc1b01c94be075a51a515f991fa7b949fec4,,3635806.380769,0.0,66625.37242,1002542.20245,4455450.180769,0.0,0.0186668517,0.3792836002,54.451157612,0.0,0.0,9994.96,108,0.002243310910116583,0.777999150248871,0.0,0.0,0,,0.0
0x4f2ce56828a20a9eea0c5ca082db2958e47f4fb8,,4878900.823223,0.0,97088.627243,1307558.444456,4803300.333223,0.0,0.0203037307,0.3661252005,63.4841584882,0.0,0.0,0.0,109,0.0,0.7778621331493487,0.0,0.0,0,,0.0
0xe0736ae0872d83360f20842aed7195b2e1f4ba86,,4389593.924587,0.0,80388.182824,1196785.630602,4499746.124587,0.0,0.0186549883,0.3748379234,7.2176829295,0.0,0.0,0.0,110,0.0,0.7777097128804976,0.0,0.0,0,,0.0
0xbb10bda01f56b1604f2f024f2d18fcaf5d2b20b0,,2945466.5538419997,0.0,56847.513919,731704.996274,5924237.503842,0.0,0.0196791427,0.3305107297,45.2145149649,0.0,0.0,34551.68,111,0.005832257734027791,0.7775897600828198,275000.003114,0.0,0,,0.0
0xd2055c67884ef085760f31c06300880e7f745acf,thx jefe,1989379.391854,0.0,36481.524962,547103.424369,4289523.541854,0.0,0.0186765631,0.3792192862,42.0236580516,0.0,381.32,381.32,112,8.889565385977284e-05,0.777397585888607,0.00387,0.0,0,,0.0
0xabceb0f84c830d6d7b94c6273f2ab27ca597aa25,,392267.9636129999,0.0,8666.826488,108070.222801,5223669.603613,0.0,0.0225815551,0.3473566179,22.9472966608,0.0,0.0,6827.47,113,0.00130702561955253,0.7773008636850575,0.0,0.0,0,,0.0
0x4000e1793bef8327e069c2ebc093b32ce06b6633,,1948120.129071,0.0,39509.562716,526156.609281,4443898.689071,0.0,0.0207006937,0.3700211728,8.5402369576,0.0,0.0,0.0,114,0.0,0.7770321990787044,0.00233,0.0,0,,0.0
0x5284b17889e6a61f9b9dac4b85efe852b6305ae1,,1504.814417,125.892206,180.590781,356.53919,6385448.464417,0.0912975402,0.1363748359,0.3104997666,113.4058265439,0.0,0.0,0.0,115,0.0,0.776764265703057,0.0,0.0,0,,0.0
0xf191539a2c4ba0af951438bb6abfa0625c7df2ef,,1712253.88769,-14955.719779,31419.03629,528619.060562,2918531.63769,-0.0450952759,0.0185709611,0.4298967788,62.6501111302,35713.19,182115.5,575478.68,116,0.19718089486105006,0.77642665294774,315337.709489,0.0,1,HYPE,10.0
0x3eea372582e72f1d189ce02e7a65968015622a01,,2364400.388815,6.696138,55430.127514,749955.84758,4089867.158815,0.0010005802,0.0205406299,0.3742230147,12.7803765231,0.0,49095.61,86548.62,117,0.021161719107052033,0.7761505516144264,1959.804484,0.0,0,,0.0
0xda3cdff67ce27fa68ba5600a7c95efd8153d9f15,,0.07453,1e-05,0.0,0.000513,43348850.87453,1e-07,0.0,5.13e-06,28.4197643747,0.0,0.0,0.0,118,0.0,0.7757480109126453,0.004519,0.0,0,,0.0
0x757df2c060ec6c7ba898fa6570aa98c1f46294ba,,4564198.710648,0.0,87819.368703,1218915.278066,4235396.140647999,0.0,0.0196157637,0.3643029736,5.2833610203,0.0,0.0,0.0,119,0.0,0.7757068244951081,0.0,0.0,0,,0.0
0x5b19d6fd96fcbfd34f7c14cc581a470144ff4ecc,,8983.23182,1064.622276,1581.568325,1682.170913,9816679.09182,0.1344456082,0.2136774154,0.2304008875,48.0127252266,0.0,0.0,0.0,120,0.0,0.7754981756607653,0.0,0.0,0,,0.0
0x86a8c6ad0e90d3a3c25fcadcbf20ab9e89013137,,1791890.933959,0.0,51407.081046,493827.57036,4010466.323959,0.0,0.0292823723,0.3664164035,12.8567491702,178858.86,1721117.59,6216820.58,121,1.5501490544528398,0.775062464672065,0.0,0.0,0,,0.0
0x3119a5bf3ce136b2ea82969a26e5f570c0319209,,3454866.103506,0.0,53016.290701,986799.901062,5321260.153506,0.0,0.0147196019,0.3217089785,8.7003384979,0.0,0.0,600131.61,122,0.11277997930708075,0.7750263554482316,0.0,0.0,0,,0.0
0xdae84fffb8090d2c4bbcac8e161e0034f3602d20,,4870993.313146,0.0,73278.251302,1296219.171387,4099067.703146,0.0,0.015273573,0.3626016973,5.3101780014,0.0,0.0,0.0,123,0.0,0.7750236561950407,0.0,0.0,0,,0.0
0x7007c7c32cb120961c011c38f5aad2f0dbb05c73,,3225824.275949,0.0,51249.257649,878445.324721,3796080.975949,0.0,0.0161436593,0.374223908,1615.134077763,0.0,0.0,0.0,124,0.0,0.7749817264361822,943.367826,0.0,0,,0.0
0x7f3773c5ed56801ca9398f3018d5c2aa47b8af1a,,929994.882047,8211.358871,116613.763424,342589.069652,972378.762047,0.0089081343,0.1433691547,0.5832238334,8.4432054439,0.0,285189.57,9725941.81,125,10.002215381098479,0.7745245063646328,893052.935483,0.0,4,"BTC,ETH,ARB,CRV",40.0
0xcccf42c120fa1a7ad953665500c1bd4f6307b34b,,1265893.281298,0.0,27080.586389,313726.061496,6674991.211298,0.0,0.0216799706,0.2806495804,25.6252589116,10296.75,10296.75,3659773.14,126,0.5482813421245436,0.7744746401581872,0.0,0.0,0,,0.0
0xea1feb9a9a006a7fc253c6ca87349be0da072f25,,346564.287753,0.0,2840.700869,47631.648967,15430801.477753,0.0,0.0080857171,0.1484627177,27.915423682,0.0,0.0,0.0,127,0.0,0.7743966135703608,0.0,0.0,0,,0.0
0x80fb5880f38185661962e475ac1557817dc9faea,,2794435.9935790002,-32900.011308,53229.619409,913764.411322,3453370.4735789998,-0.1026907397,0.0176648594,0.3809003024,6.5886078745,341133.49,2340419.31,17630738.97,128,5.105371434918153,0.7741656513210285,223687.805929,0.0,1,HYPE,5.0
0x42b9493c505adf4b37dda028b6b47f7b5e8a5d1f,,754190.195247,0.0,14737.792092,205668.868275,3583455.225247,0.0,0.0199306839,0.3749514525,35834.55225247,0.0,0.0,0.0,129,0.0,0.774150599860531,0.0,0.0,0,,0.0
0xdf35aee8ef5658686142acd1e5ab5dbcdf8c51e8,,2499940.452399,0.0,67830.613864,773462.217538,2234050.452399,0.0,0.0278896178,0.4479999817,8.4021604889,0.0,0.0,0.0,130,0.0,0.7740459967568545,0.0,0.0,0,,0.0
0x9e0978861d184c767786bff6ddc67a40e56ce48a,,394.735105,-5.277093,-14.370828,120.176177,2334302.585105,-0.0381445703,-0.0351274006,0.4377063164,8.8625505909,0.0,0.0,1392.58,131,0.0005965721877214817,0.7737049779381033,44.903818,0.0,1,BTC,40.0
0x5ac99df645f3414876c816caa18b2d234024b487,,2437904.094964,0.0,79311.088854,754806.37197,2171971.634964,0.0,0.0336264411,0.4484625947,8.1673806761,0.0,0.0,0.0,132,0.0,0.7736503522796597,0.0,0.0,0,,0.0
0xd2d818dfd6ff0f87cc7f3a516a396c1be20deba2,,3781331.726087,0.0,70242.583937,1001395.788237,3796872.146087,0.0,0.0189272444,0.3602096558,1091.5915999204,0.0,0.0,0.0,133,0.0,0.773583569076059,0.004446,0.0,0,,0.0
0x6cd68e8f04490cd1a5a21cc97cc8bc15b47dc9eb,jeff is king,5049271.310455,0.0,60733.887027,1071815.593295,6770093.900455,0.0,0.0121746881,0.2694726653,12.6892448856,3661.2,3661.2,27001.47,134,0.0039883449767491854,0.773578789125409,10000.530019,0.0,0,,0.0
0xa464abbf049fb75585484addcbc00169062e813a,fuck jeff gib S3,32267.076854,0.0,218.687976,865.448605,31666490.076853994,0.0,0.0066986167,0.027045189,347.7954761792,0.0,10.29,23336.45,135,0.0007369446359025854,0.7735278439729787,0.0,0.0,0,,0.0
0x482bb8c52cf518f978d9e7bb00844db2bf60464b,shibal,39.01093,0.0,1.112955,1310.112913,1970578.91093,0.0,0.0002678503,0.4603125025,8.4107884574,0.0,3121.07,263138.15,136,0.1335334243863464,0.773309455190795,0.0,0.0,0,,0.0
0x80f0cd23da5bf3a0101110cfd0f89c8a69a1384d,,2488850.707056,0.0,75583.510444,759563.016001,2222990.707056,0.0,0.0313199925,0.4392346166,8.3615087153,0.0,0.0,0.0,137,0.0,0.7730916380386668,0.0,0.0,0,,0.0
0xa82fe73bbd768bc15d1ef2f6142a21ff8bd762ad,,2471654.091852,0.0,66881.199041,755631.902519,2205804.091852,0.0,0.0278118567,0.4403392376,8.2971754442,0.0,0.0,0.0,138,0.0,0.7730803943738896,0.0,0.0,0,,0.0
0x97f20f91c18093c7f738a00ffabc03eea04ec668,,39498.484044,0.0,754.87685,10579.338855,3488905.284044,0.0,0.0194839073,0.3658247429,37.4654370515,0.0,0.0,0.0,139,0.0,0.7728186268405439,0.0,0.0,0,,0.0
0xeb3648865b1471996e5f65ae845f9eb9226b9a02,,3778339.568537,0.0,-192059.821241,797740.432137,7096081.918537,0.0,-0.0483729223,0.2518250712,16.2530313412,0.0,1704810.46,25549022.73,140,3.600440781730356,0.7725514741012308,120495.800582,0.0,0,,0.0
0x52081a6912cfa64968999fbeb31387446a49b207,,37796.378428,-1020.224462,20628.931523,73550.363226,951009.588428,-0.0379301342,0.4531344428,0.5644125495,69.1537502077,0.0,9971704.31,35429574.86,141,37.25469784018097,0.7722949263165233,26283.661661,0.0,1,TAO,5.0
0x95cd5104e3e618f505428265eb459d5ec9363e17,,785314.116694,0.0,16837.868426,214319.107061,3148961.636694,0.0,0.0219107207,0.3753432227,17.9349963543,0.0,0.0,0.0,142,0.0,0.7721629312892839,0.0,0.0,0,,0.0
0xc59498175d6d317642aeb97f895a7ce1aa992191,,4500001.981023,0.088044,0.0,0.0,34234102.481023,1.96e-08,0.0,0.0,6.8169614416,0.0,0.0,0.0,143,0.0,0.772045868809322,4500000.000271,0.0,0,,0.0
0x598f9efb3164ec216b4eff33c2b239605be5af8e,SSS888,22.167095,0.0,1.988601,5.467125,23908870.237095,0.0,0.01988601,0.05467125,90.1935477063,0.0,0.0,0.0,144,0.0,0.7718839340237671,0.003699,0.0,0,,0.0
0x0998dca9d8896c8f3e36ad594db31b3f75ca0e0e,,3354352.989696,0.0,62218.705684,896365.258303,3302136.2896959996,0.0,0.0188986264,0.3646595876,39.9050716884,0.0,0.0,0.0,145,0.0,0.7718393668764613,0.0,0.0,0,,0.0
0xcb58b8f5ec6d47985f0728465c25a08ef9ad2c7b,cat hot wallet,3380122.154182,-37879.136246,-143403.186449,673907.608792,7243648.624182,-0.2126719887,-0.0395718541,0.240118941,55.2540758402,0.0,10048890.32,128926507.0,146,17.79855894301599,0.7717036116622,141583.559436,0.0,3,"XPL,MON,STABLE",3.0
0xa10ec245b3483f83e350a9165a52ae23dbab01bc,,4089.725921,0.0,61.344033,1061.364952,3543666.235921,0.0,0.0152279587,0.3504750467,12.5680030205,0.0,0.0,0.0,147,0.0,0.7715278708263582,0.0,0.0,0,,0.0
0x30031f21e4927c7b7c8d9bdb803bc14e57388028,,2141033.081586,297.268127,38987.909529,561996.230739,3386252.221586,0.0369175978,0.0185476078,0.3559107759,12.5840753052,18129.38,160880.11,11502163.8,148,3.396723884499305,0.7713589283926217,2188.795055,0.0,12,"BTC,ETH,ATOM,SOL,DOGE,LINK,XRP,BCH,DOT,ADA,PURR,XLM",20.0
0x862dd8e68f30693e3d3c9daa42a440bc6d2a1f0c,,2512777.697211,422.946949,65310.818891,640802.871819,3931798.7472110004,0.0010800035,0.0264172558,0.3299753208,7.8170492073,13334227.29,196163264.28000003,1043102885.59,149,265.2991550826245,0.7711077074739268,372347.283319,0.0,0,,0.0
0x699255686b24980eb3ea3bd84fbb62fd42954064,thank u jeff,1200809.237999,0.0,22000.336394,324742.467622,3015190.117999,0.0,0.0186631916,0.3706823254,24.587136346,0.0,0.0,0.0,150,0.0,0.7710161305774516,0.008162,0.0,0,,0.0
0xfb00c13f617c5981abb803591267c2241d6c1e9d,,3237451.090037,0.0,0.0,864930.793237,2984085.610037,0.0,0.0,0.3645620206,11.7777907631,0.0,0.0,0.0,151,0.0,0.770241495571219,3668.76,0.0,0,,0.0
0xf3115b8641808c85544c36cac4024b7de58ef575,,1024050.205603,0.0,18902.554799,318623.106593,3111194.005603,0.0,0.0188038942,0.356472212,29.6798408096,0.0,0.0,12527.88,152,0.00402671128108319,0.7700866202063502,0.0,0.0,0,,0.0
0x3f0fb61b79ceea17dcf7a7f38446485c2fc10ed1,,2971022.798786,0.0,56622.911304,795211.26839,2908061.258786,0.0,0.0194286692,0.3654780101,46.1878991331,0.0,0.0,0.0,153,0.0,0.7699284184878636,0.0,0.0,0,,0.0
0xbbbdbbfa1f754aea323af6cc56153e0605e89227,,531074.107747,0.0,7993.105855,141731.206921,2923804.717747,0.0,0.0152808185,0.3640266886,25.2487705489,0.0,0.0,926.85,154,0.0003170013354086808,0.7698679501653698,0.0,0.0,0,,0.0
0xf58b3f905f315f25d8b3484dce07abf104ccf64d,,2167254.128131,0.0,41081.302234,547509.546108,3446726.328131,0.0,0.0193180794,0.3379386999,7.1096825922,0.0,0.0,0.0,155,0.0,0.7698392923655493,0.0,0.0,0,,0.0
0x8bff50aad8b4e06c5e148eaeb9d7aef69e26cdc3,,23.797825,0.0,3.472675,0.454419,28681092.757825,0.0,0.03472675,0.00454419,16.704439127,0.0,0.0,0.0,156,0.0,0.7697249950229774,0.0,0.0,0,,0.0
0x7bfee91193d9df2ac0bfe90191d40f23c773c060,,875213.721665,0.0,8329.101409,95169.062577,13799253.681665,0.0,0.0096080853,0.1183974177,18.103704544,0.0,0.0,99.98,157,7.245319370629655e-06,0.7696377122175263,2940.441931,0.0,0,,0.0
0x6041f881358c71d64bc9253c9ba0391df69f7d98,,1629658.767179,58195.253439,87759.856716,493415.647334,1806093.807179,0.09428587,0.0569167383,0.434251824,15.1423901985,0.0,12244129.14,16104840.89,158,8.916945967028537,0.7693366149841457,289612.277911,0.0,4,"BTC,ETH,SOL,HYPE",25.0
0x9e8c646220613d68eaf2b947f46c2b4f52bf3f45,,1679003.183525,0.0,26314.735014,435243.576926,3069467.583525,0.0,0.0159214176,0.3498015514,119.8193995267,0.0,21486.68,433954.74,159,0.14137785403866135,0.7692078218977134,47.870733,0.0,0,,0.0
0x91531adfe1d601229918fd142f45b058aeeca26d,,616283.12052,0.0,6825.280564,105241.17277,7629092.110519999,0.0,0.011198938,0.2059345094,49.7079679189,0.0,0.0,0.0,160,0.0,0.7690981324276657,24162.574677,0.0,0,,0.0
0xdab9dc2263f97f1da26c285278905774491850df,,2305615.955739,0.0,34628.317006,616991.975396,2730947.985739,0.0,0.015248131,0.3653815074,12.8508040414,0.0,0.0,0.0,161,0.0,0.7689334071700372,0.00336,0.0,0,,0.0
0x31c683a67f0e3919a86fead9241d94f34679f11f,,119311.541599,0.0,1120.998223,27517.52748,4094937.421599,0.0,0.0094846693,0.2997747483,20.5570426015,0.0,0.0,0.0,162,0.0,0.7687251529019253,0.0,0.0,0,,0.0
0xddc8aab17c6a7b42843c2b98c517ac4c807a43cb,,140796.583651,0.0,16965.948696,64703.954149,121910.193651,0.0,0.1370093007,0.850331426,6.454923024,0.0,2611576.54,3226205.0,163,26.463783736049674,0.7686743506808698,140796.583651,0.0,0,,0.0
0x077a25d1f579574fe168bbaa924e40c9bfa57ccc,,111997.887973,5140.285499,22847.449034,40970.451666,669520.057973,0.0481041371,0.2562797144,0.5768257141,10.3003085842,0.0,0.0,0.0,164,0.0,0.7680327907234431,111043.508144,0.0,3,"BTC,ETH,LIT",40.0
0x1cba6c6ead0b6221b379f3ec1a56f47f798eedae,,3273.140954,0.0,4.146756,610.891351,6111944.550954,0.0,0.0012685113,0.2294643411,9.4631636687,0.0,0.0,1503.34,165,0.00024596754559321827,0.7679742591515863,0.003392,0.0,0,,0.0
0x9e8b1e51c642f4c8b87c6ba11c53d516a218afc4,,4544447.959598,-75347.650081,-260905.665788,515664.805711,17991515.469598,-0.073586745,-0.05429479,0.059943681,52.1785462373,9955475.24,159071036.6,299795945.39,166,16.66318470484569,0.7679522904499109,0.0,0.0,0,,0.0
0x91f564e80ed5e98eb22fde0857e1a87047f2df13,,392591.475375,0.0,6402.973491,107541.235859,2667379.525375,0.0,0.0165799175,0.3772711647,4.981049152,0.0,0.0,0.0,167,0.0,0.7678579647652762,0.0,0.0,0,,0.0
0x7fe8cfe481ec2f702692a9152e3f002f3e417ac6,,9.421733,0.0,0.0,0.0,25897015.671733,0.0,0.0,0.0,6.2729827391,0.0,0.0,0.0,168,0.0,0.767669380931141,0.0,0.0,0,,0.0
0x9e42410de11eac814d8ba5e9f022b2e7031e79b8,,2506423.508148,0.0,49385.432314,668523.606389,2514026.118148,0.0,0.0200995796,0.3637432081,1370.2505658346,0.0,0.0,0.0,169,0.0,0.7674717646180853,0.00147,0.0,0,,0.0
0xe554b76acda9ff3836fb04935bdbbaf59854c270,,9926008.915813,367999.763603,746000.146827,1280002.110801,9930644.935813,0.038501717,0.0812635549,0.1480454665,99306.44935813,0.0,0.0,0.0,170,0.0,0.7674436323238718,0.0,0.0,0,,0.0
0xad99c596d2cef64cb027fe81169d6d179d340a76,,88.675227,0.0,-39.3822,783.722294,62383.515227,0.0,-0.3075354622,0.9417215783,192.0248396914,0.0,7854.74,333751.1,171,5.349988675462621,0.767307460896944,0.0,0.0,0,,0.0
0x164e9765e50495b0a19770682cb30d442bda9c64,,775520.454954,0.0,15399.991507,208400.084895,2428390.164954,0.0,0.0202599354,0.3674706392,363.2942079142,0.0,0.0,0.0,172,0.0,0.7673010516184178,0.0,0.0,0,,0.0
0xc8c6c74cffba0db57faafaa511d85d386de02765,,1560252.967256,0.0,32696.623779,420279.688447,2344507.597256,0.0,0.0214045288,0.368675035,43.5165235112,0.0,0.0,0.0,173,0.0,0.7668702540304481,15232.522619,0.0,0,,0.0
0x97acd049ae6d931f8eeee954b3397a08de11f0bd,puttintakoyaki-purin,57871.356383,0.0,1445.812001,19629.984783,2825939.986383,0.0,0.019005848,0.3391041121,507.956324623,0.0,43542.61,51094.39,174,0.01808049365740323,0.7668418369061057,0.0,0.0,0,,0.0
0xbfb849931dc8cfa08a690c435fb4e4f47906ec8d,"Thank you, Jeff",438215.313679,-30.512121,9858.485976,109521.8523,2912129.523679,-0.0740477625,0.0230146582,0.3332036233,40.2533923782,2000.37,26271.21,56871.7,175,0.01952924811124194,0.7667229016120573,384.097486,0.0,7,"ARB,WLD,ZK,HYPE,BERA,IP,MON",5.0
0x392027fdc620d397ca27f0c1c3dcb592f27a4dc3,,549071.176686,64.315216,10434.020255,146046.378434,2413886.086686,0.1137970057,0.0193711483,0.3623756629,44.4181593656,1595.04,30731.93,98974.07,176,0.04100196382335527,0.7666976149603574,0.0,0.0,0,,0.0
0x99b1098d9d50aa076f78bd26ab22e6abd3710729,韦小宝.eth,399640.946923,46423.509311,11206.591966,-73028.783249,24290864.896923,0.1496091689,0.0288506715,-0.1545027714,9.9094066072,0.0,1096.26,62979.28,177,0.0025927145973290468,0.7666653660735049,352436.639138,0.0,5,"ETH,LTC,BCH,HYPE,STABLE",10.0
0xdafc555a97b358bc09fccf4c0e583c1ec5838b16,Prison Su Zhu,5.128966,0.043947,2.534658,1.758098,22936543.748966,0.000219735,0.01267329,0.00879049,86.5416147038,0.0,0.0,0.0,178,0.0,0.7666448118870302,0.0,0.0,0,,0.0
0xfcb01354e18ca1cc0eee89ca3459ef84daa2e0b6,,1687177.522204,0.0,15929.346015,341489.820753,4793180.692204,0.0,0.0095314067,0.2537660264,159.6563002972,0.0,80468.48,188545.64,179,0.0393362262154367,0.7665931439617366,3927.090451,0.0,0,,0.0
0xd909a87f72e84ed18e5a6340eb11f4d3ac11ae3e,,1100.765347,0.0,44.990118,316.89334,1798779.325347,0.0,0.0426133487,0.4042666879,17.4786850571,0.0,0.0,0.0,180,0.0,0.7662744660433322,0.0,0.0,0,,0.0
0x261b48832568119fcb4ad3f6e0ce87737e81a464,,550523.049498,0.0,10105.403032,144902.709194,2383974.709498,0.0,0.018699247,0.3572372852,942.6290341121,0.0,0.0,1125.57,181,0.0004721400757800045,0.7659882538616547,0.0,0.0,0,,0.0
0x56825661e867c2be7f82d2ea76bde98115446cda,,6066848.237913,0.0,61985.533818,883631.468135,7829811.077913,0.0,0.0103225564,0.1704793582,17.8286938551,0.0,0.0,0.0,182,0.0,0.7659598460828514,0.0,0.0,0,,0.0
0x2d548015b0f2c464241d026f4049c9ba1115a8a9,,444195.735259,0.0,8474.680364,310909.730727,11502606.465259,0.0,0.0194497839,0.1079639912,108.9994071923,0.0,0.0,2748004.52,183,0.2389027676726767,0.7657397831364541,0.0,0.0,0,,0.0
0xa520ded057a32086c40e7dd6ed4eb8efb82c00e0,,730330.626108,0.0,14850.057268,226192.183363,2794383.806108,0.0,0.0203235968,0.3288759493,6.6971749418,0.0,0.0,213785.54,184,0.07650543190692159,0.7656429317701834,36576.17,0.0,0,,0.0
0xd0584dba197cc63e5df8a7641d01bc4aa8bc5c18,,1119922.624418,0.0,20798.231168,307692.530781,2020508.964418,0.0,0.0189225453,0.378824342,10.0945313548,0.0,0.0,0.0,185,0.0,0.7655530107293547,0.005011,0.0,0,,0.0
0x8b2fd6b5c661d2e1fbb6d9df162f2b5f3b1d3d11,,312380.486733,-83.968109,26117.965664,111544.330847,654585.616733,-0.0002687285,0.0912378105,0.5553996508,8.6129686412,0.0,5483427.24,19917834.96,186,30.428158595064758,0.7655364408976834,0.0,0.0,0,,0.0
0x3c83dbcda8d9fbefb75181f40d51205648defc7d,,2931925.654847,0.0,23981.390096,593525.750396,4347491.814847,0.0,0.0082468534,0.2538170436,18.8941973099,0.0,490958.92,1011800.76,187,0.23273206784303238,0.7650678545333953,22973.203097,0.0,0,,0.0
0xc0a7ab57bcf0884413c7e8630f62908308453362,,1192798.802782,0.0,21915.146702,327867.275095,1955011.842782,0.0,0.0187167586,0.3790673187,19.554887865,0.0,0.0,0.0,188,0.0,0.7650605689310379,0.0,0.0,0,,0.0
0xaa7577a7a27aa7fcf6d0ec481b87df3ad0f6a88e,jez,115.520725,0.0,0.243537,4.225733,16925103.670725,0.0,0.0020417735,0.0366514879,10.0547444493,0.0,0.0,0.0,189,0.0,0.7646649240348332,0.0,0.0,0,,0.0
0x19f126c87f36339972e6d9378f102f7edeb6f02d,,102822.947191,-2018.439411,2993.210924,48771.694525,380306.837191,-0.085360309,0.0296857954,0.6313693708,102.7897394846,0.0,0.0,199896.7,190,0.5256195273176398,0.7646182587334033,21786.787429,0.0,1,HYPE,10.0
0x23d391b83c595de42aeb6b33d2f2488d56321254,yolo420,20494.233726,-298.018992,4909.807919,20011.210006,350324.303726,-0.0143387811,0.3150458015,0.6441302581,10.5553998754,0.0,540143.51,2596871.7,191,7.412764893500217,0.7646066397715386,20583.217561,0.0,1,BNB,10.0
0xb302e616c9167cbdebeaadfa86a2eabc2a413023,hypurr,3897.007749,0.0,78.283496,1045.429069,2726827.6877490003,0.0,0.0185595558,0.3215897134,24.57799869,0.0,0.0,0.0,192,0.0,0.7645305512844116,0.0,0.0,0,,0.0
0xfce053a5e461683454bf37ad66d20344c0e3f4c0,,3302501.421888,102648.947732,877767.182032,415232.090531,10390351.4061,0.0320792751,0.2901964644,0.1096389124,6.1361325856,414595.15,6941681.47,9846471.06,193,0.9476552500639491,0.764312577635931,1206174.430856,0.0,3,"BTC,ETH,MEGA",20.0
0xa76e0fdc290a2df9ac750ff1e7315a20628b529c,,708087.382475,0.0,6258.228507,227847.265871,1012939.4424749999,0.0,0.008915773,0.4743470236,5.8798989337,0.0,0.0,4390009.61,194,4.3339309596568985,0.7642776504278596,157155.545661,0.0,0,,0.0
0xcb5c2f378860437fad512c3aec09efce1c470283,,27254.894509,0.0,11784.197398,11784.197398,159254.435604,0.0,0.7617112595,0.7617112595,112.6774917285,0.0,306462.87,306462.87,195,1.9243600270076406,0.764002563011116,27254.885604,0.0,0,,0.0
0x1dc0402602b10eb2d86791eda203f1a3003488e6,,35874.832731,131.247737,8537.363157,17386.842132,104640.722731,0.0036623615,0.3061648283,0.8226291002,30.0840292801,50063.33,1888423.3,5153838.55,196,49.25270406674252,0.7635088339677535,3967.971549,0.0,2,"TAO,HYPE",5.0
0xc49b6c714feaf22b12eb02a01521dab6edd1fcbd,,128339.745339,3482.073441,6111.076112,49657.716159,353313.855339,0.0278883419,0.0499970764,0.6311189058,26.027644097,0.0,290366.62,1290431.16,197,3.652365002107965,0.7634387530699601,1830.705911,0.0,0,,0.0
0x2d29c09ef733f48fe10074a2dd7c38b50a9d4d89,,40511.041127,0.0,759.70722,10864.895391,1906170.551127,0.0,0.01911149,0.3664859334,87.1487999492,0.0,0.0,608.12,198,0.0003190270669329439,0.7634057012308527,0.0,0.0,0,,0.0
0xcdb4b5f351974fd86106e2f2e02e09d17ea65476,,4179.670523,0.0,265.409988,222.212876,13772977.950523,0.0,0.0678059076,0.0561504117,27.7125620302,0.0,0.0,0.0,199,0.0,0.7633831242708116,0.0,0.0,0,,0.0
0x5c02f2dfcb6537b83929596fe8a3278e237e3e7c,thank you jeffff,0.123847,3.6e-05,2.5e-05,0.0,19688888.783847,1.8e-07,1.25e-07,0.0,20.1020614081,0.0,0.0,0.0,200,0.0,0.7633716318572576,0.0,0.0,0,,0.0
