address,n_scored_trades,smart_money_score,grade,display_name,pnl_alltime,pnl_month,rank,ic_1h,ic_4h,ic_8h,ic_24h,ic_recent_8h,icir_8h,ic_trend,ic_trend_direction,rolling_ic_values,smart_money_rank
0x6dbde1a1e0f199b0252e593a422b9340af03075a,38,1.5,TIER_1,,14857466.885456,2393232.108675,109,0.0174,1.1548,4.3861,6.516,4.4066,231.1536,-0.011888,DETERIORATING,"[4.433827057441289, 4.4165464879473, 4.40317095560574, 4.393163605302015, 4.386079020576189]",1
0xab961d7c42bbcd454a54b342bd191a8f090219e6,868,1.4524,TIER_1,,2044500.76,2044502.637342,64,-1.8993,3.4465,4.0881,17.9073,7.7315,0.5372,0.001663,IMPROVING,"[4.072964366220982, 4.074644703093463, 4.076325707744298, 4.07800737130171, 4.079689684971545, 4.081372640036517, 4.0830562278554465, 4.084740439862507, 4.0864252675664865, 4.088110702550053]",2
0x4000e1793bef8327e069c2ebc093b32ce06b6633,65,1.3881,TIER_1,,4407817.993025,403963.547058,159,7.4958,3.3342,3.5568,21.7233,3.5568,1.3218,-0.618522,DETERIORATING,"[4.844285269290889, 4.696719641508383, 4.556702675786682, 4.423604117511591, 4.255946394915932, 4.1014818294037045, 3.9584338053588835, 3.81705587989285, 3.6781853972427068, 3.5568333411204636]",3
0xc171aca4843aa4765e88ebf2b35d0808a623815d,273,1.1226,TIER_1,SamuraiTakedown,2072515.958317,47834.910618,128,0.3627,1.0257,1.13,0.2183,1.656,1.7961,0.000145,IMPROVING,"[1.1634804849796936, 1.1628630577021757, 1.1622628486993907, 1.1053384302619158, 1.1057574204768765, 1.1061836021885403, 1.1066168379700962, 1.1070569934806918, 1.107288901939869, 1.1075290656161445]",4
0x36076e4bfad9624d7feba562326fdfa2063ede23,76,1.0622,TIER_1,,299058.295093,33018.130852,48,0.5931,0.2851,1.0414,0.228,1.1688,3.9086,0.008229,IMPROVING,"[1.2785783673610733, 1.2934641334720676, 1.3082524482364624, 1.3229393240905054, 1.3375218821476815, 1.1918974884627116, 1.1628022219457583, 1.0986020459909807, 1.0899891384246745, 1.0509799359014806]",5
0x8a3cf3c4b300be69429cce5beb2ef14d7200b6b7,899,0.9163,TIER_1,,1567669.701857,308725.362757,131,0.1152,-0.1721,0.2579,-0.5165,2.7594,-0.0959,0.004527,IMPROVING,"[1.216336496878775, 1.220397527462032, 1.2244466825199785, 1.2284840387102662, 1.2325096727388134, 1.2365387845120068, 1.2405596932868885, 1.2445723425167885, 1.2485766803294094, 1.2525726592390072]",6
0x0a7097d919b7421ecc03aed3aac68a13e7ef1f46,571,0.8949,TIER_1,,2107822.072061,309428.261315,91,1.0145,0.2201,0.1488,2.1005,7.2354,0.4152,0.002261,IMPROVING,"[0.207459718881466, 0.2006743198696967, 0.1940113290879761, 0.18746875451925504, 0.18104585106115698, 0.17436977145265145, 0.1678029075343017, 0.16136489643112203, 0.15503918188474547, 0.14883280205033006]",7
0x6a9edc73adbcfd02f58ee95b3cbf742973f641c2,768,0.8806,TIER_1,,3614949.5973549997,210059.926375,46,0.9725,1.2148,1.2456,0.667,1.2456,0.4022,-0.001814,DETERIORATING,"[1.2605767482457468, 1.2588865985443902, 1.2572018359746284, 1.2555248121295732, 1.2538530891514128, 1.2521866315590613, 1.2505230361648056, 1.2488646500072544, 1.2472137934223986, 1.2455704111458619]",8
0x99b1098d9d50aa076f78bd26ab22e6abd3710729,1112,0.7752,TIER_1,韦小宝.eth,24280264.353222,-1152.406526,160,0.3866,1.0426,1.0573,0.0065,1.0573,0.3998,0.000841,IMPROVING,"[1.0480880059129836, 1.0489527922520467, 1.0498269047315867, 1.050700319532836, 1.0515730382775603, 1.0524481919348623, 1.0533226459038263, 1.0541964018164465, 1.0550724274655268, 1.0559474886664444]",9
0xcb6eeb25417d2cd5dfeb52b54f72c49f7490bea9,139,0.7556,TIER_1,vphill,502465.423479,1317.923142,103,-0.1548,0.0195,0.1601,0.7018,23.2234,0.1137,-0.822843,DETERIORATING,"[0.322838058401784, 0.31601619632864975, 0.3094327788448373, 0.3029572721042735, 0.29665261760138817, 0.2905220518005112, 0.28458264151513235, 0.27880990731847893, 0.2521696532022773, 0.22716565075861841]",10
0xa6e2dc44418f5ad213c86db4dbb203a59d13c49f,46,0.7518,TIER_1,neet to $1,5014415.708357,900938.013819,89,1.0553,1.2782,1.1671,1.5372,1.1671,0.5219,-6.184331,DETERIORATING,"[1.328420025426616, 1.3045946448202108, 1.2825172975586763, 1.2621849033609187, 1.243399471253435, 1.225992743086507, 1.2098207091864517, 1.194673247079741, 1.180451473320878, 1.167149645397729]",11
0x547c8d938b98cd17ab7c653a0d98cca80eabb876,1168,0.5675,TIER_1,,2889584.135269,638124.182288,155,1.422,1.0653,0.7736,0.5055,0.7736,0.3307,0.000387,IMPROVING,"[0.7927383941044088, 0.7932701280247578, 0.7938015418139459, 0.7908140931502001, 0.7879934956536149, 0.7853056848372055, 0.7827185916786459, 0.7801452405913033, 0.7776696672147179, 0.773771963124856]",12
0x7a2dec2cf9247964f22afae48fc7d6ad5b71e137,64,0.5583,TIER_1,,547741.077589,273.699654,12,0.9921,0.9371,0.8215,0.7075,0.8215,1.2486,-0.568686,DETERIORATING,"[3.3081627124890307, 2.863124410061726, 2.0773068351827493, 1.681926924415671, 1.4323575266887312, 1.252056579678757, 1.1137915637606086, 1.002961243968525, 0.9046425757743037, 0.8214605663265849]",13
0xfc84a4bba95d3a13f91a9c0d735c0af04a18f4d0,108,0.5455,TIER_1,,9650890.123228,1848850.438497,125,-0.4709,-0.7717,0.6494,1.219,0.6494,-0.0332,0.009315,IMPROVING,"[0.6728969341441773, 0.6802986388562989, 0.687636151635006, 0.6949109669676377, 0.7021245251392403, 0.7036219718892898, 0.7004537694547577, 0.6973526039168576, 0.6666666935981196, 0.6494371376865874]",14
0x99967871e6c4f9a5185abc57edede9e9540191f6,87,0.5445,TIER_1,,26485446.900007,1593696.987398,54,0.733,-1.4972,0.8412,5.4466,0.8412,0.8351,-0.196307,DETERIORATING,"[0.871434229057802, 0.8693426349523702, 0.8673365860012578, 0.8653704874074067, 0.8627672601494354, 0.8594858897511363, 0.8562666788865096, 0.8519831631516575, 0.846585209151137, 0.8412059419441571]",15
0xa10ec245b3483f83e350a9165a52ae23dbab01bc,813,0.4964,TIER_1,,3543596.719087,807.755151,190,-0.1222,-0.0111,0.4684,-0.3466,0.4684,2.737,-0.001395,DETERIORATING,"[0.47483606361525355, 0.47391150502448, 0.4731881794653321, 0.47246041662328514, 0.47173460746709417, 0.47101074240084995, 0.4702888118954828, 0.4695751458377626, 0.4689386986488364, 0.46838102372306784]",16
0xc6758a779bccee1ef0190dbe8292fdf44076795d,344,0.4954,TIER_1,,2277736.367672,870506.370136,55,0.1284,0.2502,0.777,0.3638,0.777,0.4824,-0.008061,DETERIORATING,"[0.9036613769450367, 0.8873861395399232, 0.8716257081971188, 0.8563510493011498, 0.8415354013223175, 0.8271540501938196, 0.8129090428209668, 0.8014053110384676, 0.7891717357952305, 0.776992370675384]",17
0xb4a9964201c213af0c9c7f62af561813c9a2f1f7,583,0.483,TIER_1,,4864855.030967,120146.75137,85,0.351,0.3691,0.6652,0.0619,0.6652,0.2142,0.00031,IMPROVING,"[0.5013839429151894, 0.5053556033542703, 0.5093027080948858, 0.5129655139627656, 0.5166250327973653, 0.5202211971276343, 0.5238322402692377, 0.5274415344698314, 0.531044325459803, 0.534633572445266]",18
0x613ead0ea5af374af0ccfc117ef116a8e8d133fe,91,0.4774,TIER_1,Sticky,2043447.106128,138408.454825,76,1.0473,0.7077,0.7764,0.5657,0.7764,0.5085,-0.043775,DETERIORATING,"[1.2325428321268754, 1.1884754991997608, 1.1477863680188916, 1.1100680701606727, 1.0749575344847273, 1.0420612897843633, 1.0112021126387705, 0.9821846036504019, 0.9547826736499248, 0.9286385120279409]",19
0x612ca98c658c7a2de1f239a1d2a9e18c356e724a,528,0.4351,TIER_1,,1937676.744248,34075.218483,53,0.3587,0.3398,0.4483,0.3838,0.4483,1.8395,-0.000132,DETERIORATING,"[0.44963228729581733, 0.44953126721320086, 0.44942919454783775, 0.4493278018913445, 0.4492253564249446, 0.449123587282316, 0.44902076513275374, 0.4489186156730774, 0.4488171351303784, 0.448280002841183]",20
0x6f31fef250a34a025f7784a2e3a02b4921b30394,487,0.4332,TIER_1,ibench240,231416.736598,14519.721993,43,0.4295,0.3075,0.3781,0.5378,0.4072,2.5372,-0.001232,DETERIORATING,"[0.46751470786809296, 0.4667163485104152, 0.4658857474799319, 0.4650552949558435, 0.46423032894277855, 0.46341079190310136, 0.4596076124667409, 0.462554824026814, 0.4578269452712766, 0.455674478394061]",21
0x97be9c7904f9c772a3efbf9e10286b91ba8a773e,603,0.3738,TIER_2,,64509.795294,62666.425341,36,0.1283,0.3069,0.4404,0.1051,0.4911,0.4301,0.00166,IMPROVING,"[0.4197639559280563, 0.422108832208969, 0.4244410162196469, 0.4267607047710415, 0.42906793932408294, 0.43136291707664176, 0.433645903426735, 0.43591701002131816, 0.4381764897495701, 0.4404244480595988]",22
0x9466140c8781e253fe426c87ac17ccba500140ff,41,0.3551,TIER_2,,3907271.132899,8380.916295,50,0.2469,0.4239,0.363,0.3912,0.363,0.0158,0.047493,IMPROVING,"[0.4264824789953885, 0.4321979095020056, 0.4601211813112606, 0.4147396684571226, 0.3735238260657593, 0.3357878552339932, 0.4242324813804597, 0.48071943742009454, 0.49117347903218245, 0.5014282333312665]",23
0x523852be2db1a76a0e088ecbff32e849544054e5,966,0.3267,TIER_2,perpfumbler,6282939.742145,968998.504036,127,-2.3907,-0.4986,0.4005,0.2626,0.4005,0.7273,-0.000217,DETERIORATING,"[0.4002890032975293, 0.400315573701709, 0.40034223071875824, 0.4003689740475812, 0.4003958033883204, 0.40042271844235033, 0.40044971891227166, 0.40047680450190437, 0.40050397491628215, 0.40053122986164635]",24
0x570b09e27a87f9acbce49f85056745d29b3ee3c6,819,0.3103,TIER_2,,7511159.65,170460.34,166,0.2719,0.4617,0.4745,-0.663,0.4745,-0.536,0.001389,IMPROVING,"[0.4613946585378425, 0.46271862283984455, 0.4640397629546249, 0.4653580948880394, 0.466673634504648, 0.46798639752938564, 0.4692963995492093, 0.47060365601472065, 0.4719081822417644, 0.4732099934130041]",25
0x30031f21e4927c7b7c8d9bdb803bc14e57388028,335,0.2496,TIER_3,,3349441.818103,437525.930188,188,0.2982,0.4172,0.3863,0.3789,0.3863,0.0664,-0.002517,DETERIORATING,"[0.3957951330204493, 0.39464434139375243, 0.3869268029579375, 0.3818936225672668, 0.38322520256439246, 0.3842231269738832, 0.38693931444541885, 0.38959373649517903, 0.38742204075251746, 0.38526349310795616]",26
0x482bb8c52cf518f978d9e7bb00844db2bf60464b,74,0.2194,TIER_3,shibal,1970577.833383,1241.15201,143,-0.0272,0.1865,0.1412,0.0522,0.2543,1.8521,-0.004817,DETERIORATING,"[0.13873826001215317, 0.1386193227401259, 0.13850103019902016, 0.13839198967577615, 0.13829181989632772, 0.13820015956174492, 0.1381080461098061, 0.13887844611191938, 0.13964482983682489, 0.14124727920636732]",27
0x807a2e2e469df84b299da5f90f15dda4380daca1,311,0.2191,TIER_3,,23352933.470498,2514055.200173,90,-1.2876,-0.077,0.3301,1.2267,0.3301,-0.9359,0.005046,IMPROVING,"[0.2918439711671939, 0.29620924888428124, 0.3005362867290566, 0.30482592912429357, 0.30912756715152234, 0.3133922044920574, 0.3176206487621005, 0.32181368072007877, 0.3259720554461406, 0.33009650345782354]",28
0x97f20f91c18093c7f738a00ffabc03eea04ec668,411,0.2154,TIER_3,,3488193.38083,8173.242881,184,-0.0834,0.0735,0.1577,0.592,0.1577,1.36,0.001432,IMPROVING,"[0.16300568740630336, 0.16450005202488366, 0.1659403477514702, 0.16740312897654955, 0.16876224703456316, 0.16973962810867496, 0.1706478476379842, 0.17151482480174796, 0.17341105490266837, 0.17028742119592524]",29
0xaf0fdd39e5d92499b0ed9f68693da99c0ec1e92e,928,0.2094,TIER_3,,18421504.358397,2551808.9174579997,149,-0.2074,0.1404,0.2928,0.7728,0.1822,0.5383,0.001277,IMPROVING,"[0.1149735846956243, 0.11697096557551331, 0.11896077705739412, 0.1209430860333817, 0.12291795851413594, 0.12488545964411044, 0.12464041485942529, 0.12439595136687921, 0.12415206651341244, 0.12390875766328908]",30
0xe0d8fd312d7bd72d7de328923d7dcf08340c0f83,37,0.1895,TIER_3,,62738.099442,1250.386547,145,-0.0414,0.191,0.2029,0.1398,0.0473,0.1455,0.027249,IMPROVING,"[0.3196235257227346, 0.31606517207833446, 0.3127296187937107, 0.3597801505266835, 0.369616205383354, 0.3792402747267133, 0.38866444622549196, 0.3176049294885114, 0.25644764532557496, 0.20289385466657459]",31
0x5db201ae15f9702f0a0ff9f00b8c1c18355373d0,837,0.1884,TIER_3,,17265572.749329,162986.405841,49,-1.0171,0.1414,0.1205,0.044,0.4232,0.0831,-0.002257,DETERIORATING,"[-0.8184337002373252, -0.8176795842824093, -0.8169313605832531, -0.8161889699752425, -0.8154523540978075, -0.814721455380557, -0.8104778506240025, -0.8062764194956483, -0.8021164102289347, -0.7979970899138701]",32
0x1c81fb7100276aef766092e16cfcf61097e97a5d,1009,0.18,TIER_3,,334350.488269,333981.408269,15,-0.4384,-0.4954,-0.3158,-0.0211,0.6836,0.1096,-0.000605,DETERIORATING,"[-0.33374570620210126, -0.33169271967921427, -0.3296563996223769, -0.3276293547467882, -0.32562103610809884, -0.32362173102051084, -0.3216390204445381, -0.3196727043363136, -0.3177196758878145, -0.31577515482551005]",33
0xf191539a2c4ba0af951438bb6abfa0625c7df2ef,29,0.1767,TIER_3,,2888591.320468,397902.718417,182,2.8253,1.0607,0.1096,-1.1976,0.1096,3.9755,-0.04786,DETERIORATING,"[1.6731156052068443, 1.6725521016604084, 1.6742091541651773, 1.6776505604715344, 1.6813096123227877, 1.6838590697404072, 1.6986431758661575, 1.7127221251997102, 1.7270952595365434, 1.7417019548001034]",34
0xd28e005c992b168d0b20fca312958e105bb260ab,817,0.1733,TIER_3,,956106.223853,167898.418269,144,0.0736,0.0123,0.1397,0.0332,0.1397,1.3383,-0.001367,DETERIORATING,"[0.15092324887642117, 0.14965898876871062, 0.14839939862331172, 0.1471431999482848, 0.14589161925913047, 0.14464462774959297, 0.14340219689469672, 0.14216429844718725, 0.14093090443402753, 0.1397019871529488]",35
0x1b478d47cc1bce09b93d783c7d48dbd74078dd2f,292,0.1275,MARGINAL,,60229.726786,439.45,37,-0.223,-0.2206,-0.1691,-0.1304,0.4592,0.2382,-0.002135,DETERIORATING,"[-0.17915615731286372, -0.17715083159392986, -0.17516424609951425, -0.1731882909328462, -0.17227192089504034, -0.1736161502192158, -0.1724611586093852, -0.1713355354197167, -0.1702270451642884, -0.16912360272439098]",36
0x8bae3527e5a33fa0cf184f37bc112d071463ab6d,704,0.1258,MARGINAL,,6269322.247726,1071838.606571,134,-0.0053,-0.3772,0.0572,0.3197,0.0572,1.4505,-0.001095,DETERIORATING,"[0.062291773529781255, 0.061242623556446475, 0.060195888265380436, 0.05915155544579552, 0.05810961297771444, 0.05707004883108752, 0.056032851064920654, 0.054998007826413516, 0.05396550735010816, 0.05293533795704769]",37
0x4583f9b7a06ab8b5b7b4a7dd27e774356015d406,877,0.1163,MARGINAL,,2806946.900666,1338.016536,2,-0.131,0.3853,0.193,-0.3343,0.193,-0.111,-0.001136,DETERIORATING,"[0.18842733915639362, 0.1885426111076929, 0.18865781285901653, 0.18877294453808544, 0.18888800627223484, 0.18900299818841573, 0.1891179204131967, 0.19020803425611266, 0.19129602089709052, 0.19112974577019962]",38
0x900b3d773c160c726bc062b78c8718f49cd31181,235,0.1043,MARGINAL,,112098.281964,1991.013289,74,-0.4559,-0.4321,-0.468,-0.1175,0.4181,-0.3383,0.024237,IMPROVING,"[0.4230367040189635, 0.44551819449409646, 0.4500688776977095, 0.45457538626476085, 0.45903893001123947, 0.4634606678218679, 0.4678417103049173, 0.4721831223074149, 0.47648592529393224, 0.4807510995933647]",39
0x5bca4075dfc8065235cf75c6b15b410e62845fec,1126,0.0849,MARGINAL,RichardPinner,1427029.222524,3789.260721,80,-0.1633,-0.0331,0.0576,-0.0417,0.211,-0.2282,-0.000154,DETERIORATING,"[0.21807585541074417, 0.22323081137155898, 0.22369892651023793, 0.22574394138297502, 0.22186893388879605, 0.21798121558813094, 0.20943712359647318, 0.197068398298375, 0.17988666756564053, 0.16574640294778156]",40
0x5b28335f6d5cd5a1ac3b66eb2edd2b917e7aa4a4,515,0.0784,MARGINAL,,621083.479142,621976.062916,9,-0.1361,-0.0928,0.1314,0.4829,0.0879,-0.1511,0.001389,IMPROVING,"[0.1819121678678833, 0.1816726152156526, 0.18143379680362007, 0.18119570870664417, 0.18095834702910663, 0.18072170790462683, 0.1804857874957797, 0.18025058199381663, 0.1800160876183903, 0.17978230061728168]",41
0xdc5289909be4f3ce2604806bdd1448fd307f19f5,836,0.0754,MARGINAL,,126591.062955,73066.893538,60,0.1246,0.0491,-0.008,0.0761,0.2013,0.0517,-0.000622,DETERIORATING,"[0.05277321237004923, 0.053621069972036375, 0.048853700924992666, 0.04414608780840954, 0.039496602610038206, 0.034903681889320734, 0.03036582346261811, 0.02512244722889068, 0.019955137217640508, 0.014861465780038581]",42
0x0f991873aab3e14191978946d48f30f624ae9867,106,0.0668,MARGINAL,,24202373.288767,3216174.543306,84,-0.0601,-0.0951,-0.0195,0.4794,-0.0195,-0.2943,0.014277,IMPROVING,"[-0.1014458932611537, -0.09122402505098552, -0.08111798064546574, -0.07112358334134569, -0.061236891046224914, -0.051454180287281624, -0.045234095428071705, -0.03945260188742439, -0.03375141611743385, -0.028128099467347217]",43
0x8463d6ffcbfb56bf20ab2e1111f9a0e8359533f2,645,0.053,MARGINAL,,5377872.475976001,93193.529898,108,0.2683,0.0592,0.0278,0.1523,0.0278,0.3959,0.000715,IMPROVING,"[0.024299260282973908, 0.024689060230379135, 0.025078228965365726, 0.02546676882439856, 0.025854682131093078, 0.026241971196308018, 0.026628638318237405, 0.02701468578250166, 0.0274001158622379, 0.02778493081818947]",44
0x5e56ef6d97424b606175366cc735cd26ac1d1086,725,0.0465,NO_EDGE,,146094.32,125390.27,28,-0.0801,0.0489,0.18,0.4337,0.0145,-0.3827,0.001222,IMPROVING,"[0.43690375316257424, 0.4388409598446919, 0.44076968514536796, 0.44269106895428423, 0.4446051888845999, 0.44651212124855905, 0.44841194108694543, 0.45030472219770223, 0.45219053716374635, 0.45406945738000387]",45
0xad99c596d2cef64cb027fe81169d6d179d340a76,191,0.0394,NO_EDGE,,62414.368551,815.554423,136,-0.292,-0.1032,-0.1042,0.195,0.3173,-0.6903,-0.001022,DETERIORATING,"[0.40863570950674627, 0.4050548706708686, 0.4015251844041953, 0.2578909843434263, 0.1724903645427021, 0.1118546484841441, 0.06468184724180068, 0.025892309745986636, -0.0034537573050519104, -0.10315836480993364]",46
0x003a85c562730b196f7cba202a2515f2ff855736,1299,0.035,NO_EDGE,,835409.013504,150577.771502,38,0.1417,-0.0011,0.014,0.016,0.014,0.2902,0.000584,IMPROVING,"[0.007201100187106259, 0.007986825138805852, 0.008771322225007483, 0.00955459576776, 0.010336650066593085, 0.011117489398671057, 0.011897118018945375, 0.01267554016030586, 0.013452760033730658, 0.013964089078984675]",47
0x656c8da58d738295e03550796dd83900aa7c6525,0,0.0,UNKNOWN,,56129045.208966,8737.443062,58,,,,,,,,,,48
0x03b9a189e2480d1e4c3007080b29f362282130fa,0,0.0,UNKNOWN,,44999583.432545014,7760620.9887190005,72,,,,,,,,,,49
0x04722123cc98c8a78f4d2851d2b363561af99edf,0,0.0,UNKNOWN,,1033964.504407,223.250997,52,,,,,,,,,,50
0xc3cdb57c1169fd641ef5d08d9a5828e5a8bcefcf,10,0.0,INSUFFICIENT_DATA,,1583656.788832,2594.980881,6,,,,,,,,,,51
0x7ee8fd43698a51053cd9729b29cbd90ab68fbc6c,0,0.0,INSUFFICIENT_DATA,,1274139.690773,2996.80496,7,,,,,,,,,,52
0x052c405b0291dbac72c6a106db8c65580c53241f,0,0.0,INSUFFICIENT_DATA,早寝早起,1642144.074183,3417.916179,4,,,,,,,,,,53
0xf07fc9df6cc892029addbef2994d8c221d37f2f6,0,0.0,UNKNOWN,,2555948.23238,397140.382523,3,,,,,,,,,,54
0x14b25601e369b40f5bcd1de0f9a53174e3c59d34,0,0.0,INSUFFICIENT_DATA,,4452531.569007,1794.126949,1,,,,,,,,,,55
0x45d3730a8f811519f3cc310d54ffc4d2142b3773,0,0.0,INSUFFICIENT_DATA,,1591385.514248,1014.568903,5,,,,,,,,,,56
0xe490b3259249f0ca86e97d8461f8e1b186491037,0,0.0,INSUFFICIENT_DATA,,234719.207674,125.188013,56,,,,,,,,,,57
0x20c22d5346fc0fc7251601db43aaf25cbaa181d9,0,0.0,UNKNOWN,,419072.657817,176.779202,32,,,,,,,,,,58
0x969add7b4e9b65c8fd0c996fbe90b2aabafc6d5e,0,0.0,UNKNOWN,,3180374.487029,143.163479,35,,,,,,,,,,59
0xf75afed508c169b77dde62ec363289e189edd6ad,0,0.0,UNKNOWN,,202500.0,167475.0,23,,,,,,,,,,60
0x4ca1ff660f4b5bb15b4ef599c2cfa9728e10723a,2,0.0,INSUFFICIENT_DATA,,105108.647858,1230.732252,31,,,,,,,,,,61
0x6f9bb7e454f5b3eb2310343f0e99269dc2bb8a1d,1,0.0,INSUFFICIENT_DATA,,193271.237627,8929.704812,25,,,,,,,,,,62
0x0012910a3d0c2fbd801ab33a1cf032ac91f77ebc,0,0.0,UNKNOWN,,202500.0,167475.0,24,,,,,,,,,,63
0xda183a6d3ccb5d9e76b1b9067dce81940f22021c,0,0.0,INSUFFICIENT_DATA,,583532.451697,1314.542535,10,,,,,,,,,,64
0xef4a52d5483049b37cb883539d1b380eed80a598,0,0.0,INSUFFICIENT_DATA,refcode PENES,1862347.373257,1146.809235,21,,,,,,,,,,65
0xfc02736679379ff15917cafd25b863fffb8ba5b5,0,0.0,INSUFFICIENT_DATA,,242411.680633,1125.627346,22,,,,,,,,,,66
0x6635159add6b4c53fddf64002c2db7905ff52e7c,0,0.0,INSUFFICIENT_DATA,,265642.727324,5290.694363,19,,,,,,,,,,67
0xaa7f0d3da989dae8fd166345a3ce21509f8c8bb4,0,0.0,INSUFFICIENT_DATA,,335994.510639,222218.987615,20,,,,,,,,,,68
0xd47d1c8ba0687a5d11d1c4a1a05d34a94581060e,0,0.0,UNKNOWN,,324401.1,198513.7,16,,,,,,,,,,69
0x9cd0a696c7cbb9d44de99268194cb08e5684e5fe,0,0.0,UNKNOWN,,3434425.853399,2144588.948402,14,,,,,,,,,,70
0xf70d33244f99dcc8daf08f88154ad0391a67fe7d,0,0.0,UNKNOWN,,270000.0,223300.0,18,,,,,,,,,,71
0x5bed117e5d6ad7a2a28ce7a320c05bd933663742,0,0.0,UNKNOWN,,270000.0,223300.0,17,,,,,,,,,,72
0xaa99d707a7a44d498f906f795e42303e68ec74c4,0,0.0,UNKNOWN,,10148569.166133,296.341525,193,,,,,,,,,,73
0xcc49ffdf3d8f62562319cfc7ead9e6e52df3ffc2,0,0.0,INSUFFICIENT_DATA,,1740191.494105,41506.759609,183,,,,,,,,,,74
0x5ac99df645f3414876c816caa18b2d234024b487,0,0.0,UNKNOWN,,2103808.320418,602040.120796,186,,,,,,,,,,75
0x80fb5880f38185661962e475ac1557817dc9faea,0,0.0,INSUFFICIENT_DATA,,3397698.877315,678934.766275,168,,,,,,,,,,76
0xe554b76acda9ff3836fb04935bdbbaf59854c270,0,0.0,UNKNOWN,,8838644.804323,1029001.642303,173,,,,,,,,,,77
0x69906b0ed626ca01a4b7c001e5711e5714ccf207,151,0.0,NO_EDGE,stuxfred,7866401.630937,625443.5638159999,174,0.0,0.0,0.0,0.0356,0.0,0.0,0.0,DETERIORATING,[],78
0x757df2c060ec6c7ba898fa6570aa98c1f46294ba,0,0.0,INSUFFICIENT_DATA,,4151375.090226,915038.39762,169,,,,,,,,,,79
0xdae84fffb8090d2c4bbcac8e161e0034f3602d20,0,0.0,UNKNOWN,,4015465.022738,984847.825918,170,,,,,,,,,,80
0xaa7577a7a27aa7fcf6d0ec481b87df3ad0f6a88e,0,0.0,INSUFFICIENT_DATA,jez,16925103.375975,3.133183,176,,,,,,,,,,81
0x86a8c6ad0e90d3a3c25fcadcbf20ab9e89013137,0,0.0,INSUFFICIENT_DATA,,3959294.049155,365537.711118,175,,,,,,,,,,82
0x4c8e087a21c3e33237347577487ee325c949f8b9,0,0.0,UNKNOWN,,174404.371729,657.315299,61,,,,,,,,,,83
0x572c3a462fa05495656220cd91d555188a3e6a90,0,0.0,UNKNOWN,,130513.461323,67623.50109,67,,,,,,,,,,84
0x580809c0dfe56287e933f99e347cd5385a645ee3,0,0.0,INSUFFICIENT_DATA,,17770147.208198,1305.284717,65,,,,,,,,,,85
0x56498e5f90c14060499b62b6f459b3e3fb9280c5,0,0.0,UNKNOWN,,38667804.206783,506.976237,71,,,,,,,,,,86
0x13c50dcdee4bbcba71baf578b345cdd35c7928be,0,0.0,INSUFFICIENT_DATA,,48453728.009943,7497125.486315,69,,,,,,,,,,87
0x493db0ed7514c975e9abcc110bd40c473b6763e3,0,0.0,UNKNOWN,,61145566.327952,10969121.638932,62,,,,,,,,,,88
0xc80a38405f929b92bd889f3e5d438c342e498aca,0,0.0,INSUFFICIENT_DATA,,1477955.603513,1364.524844,44,,,,,,,,,,89
0xb2a4618e5d1458e60cc1d8d080d477db7552a612,0,0.0,INSUFFICIENT_DATA,,728075.839386,133.834622,42,,,,,,,,,,90
0xee3fd7b622d5ccbb2b6aa310e9591da4bdab555e,0,0.0,INSUFFICIENT_DATA,,194547.671261,132.993679,51,,,,,,,,,,91
0x33782fc77170dfbb1f9fbe460a910732f929bc87,0,0.0,INSUFFICIENT_DATA,,279678.87,909.000335,41,,,,,,,,,,92
0xab3067c58811ade7aa17b58808db3b4c2e86f603,0,0.0,UNKNOWN,,162416.78,148.866666,45,,,,,,,,,,93
0x38aab937cf5749a59e71838f6061f045f3cc557c,0,0.0,UNKNOWN,,98439.59,148.866666,47,,,,,,,,,,94
0xac43dfa8bcaa09428759df2983687c2641a5bc24,0,0.0,UNKNOWN,,168709.359283,109534.151876,27,,,,,,,,,,95
0x0a3d9b43475b378ebf6c59a7bcc06c68d3519d35,0,0.0,INSUFFICIENT_DATA,,134314.535581,708.461301,29,,,,,,,,,,96
0xb1ffc7507b327a855848378004ace9a934e0beb9,8,0.0,INSUFFICIENT_DATA,VIY,88047.016895,926.996686,39,,,,,,,,,,97
0x3c8c2a111eb1e47d55acb6d5d2b96d5936210e04,0,0.0,INSUFFICIENT_DATA,,904607.474444,162.964844,34,,,,,,,,,,98
0xbe4e2bf0dad882a6b5fbc10261d4b72ba799d998,0,0.0,INSUFFICIENT_DATA,,111825.609182,915.34467,30,,,,,,,,,,99
0x20596196a991b9d1ed6427974f472c45003aa4c9,0,0.0,UNKNOWN,,554991.253432,744.512666,33,,,,,,,,,,100
0xd22f76abcf04b0194b3594073587912f9b9e56f9,0,0.0,INSUFFICIENT_DATA,✌🤓✌,479495.124996,226.204397,57,,,,,,,,,,101
0x9033de302ee6d0ba067ea75fa2ef8b011ce13336,0,0.0,UNKNOWN,,85247.33893,110.182775,97,,,,,,,,,,102
0x17a4ce9320bec0ac79420f0af19848044a469d8d,0,0.0,UNKNOWN,,18586393.804013,2465304.497612,101,,,,,,,,,,103
0x8196e0648cb16e9151c2920618a58605706b5836,0,0.0,UNKNOWN,,29101996.520617,2501443.222492,98,,,,,,,,,,104
0x7bfee91193d9df2ac0bfe90191d40f23c773c060,0,0.0,INSUFFICIENT_DATA,,13792334.858505,107896.61226,135,,,,,,,,,,105
0x6891ed9ee6a9d0649ffac2bcee814e6899a0e075,0,0.0,INSUFFICIENT_DATA,,6216371.11855,188135.936742,122,,,,,,,,,,106
0xda3cdff67ce27fa68ba5600a7c95efd8153d9f15,0,0.0,UNKNOWN,,43348850.874743,0.00048,123,,,,,,,,,,107
0x0871deb34bfd2052b1c10dc4f6c0912a2a47e927,0,0.0,INSUFFICIENT_DATA,PURRINA Pro Plan,8395069.252225,623689.872863,120,,,,,,,,,,108
0xc5c7dde51f65748d65571b64b78e9b40d2ed05fc,0,0.0,INSUFFICIENT_DATA,,82644.233694,101.60052,116,,,,,,,,,,109
0x6d8db35bc58c9cc930b0a65282e96c69d9715e06,0,0.0,UNKNOWN,,10596111.933303,1176698.932376,115,,,,,,,,,,110
0xd1241baafd0b19ed5a217be28bc6d07c8f937bc1,0,0.0,INSUFFICIENT_DATA,HyperBear,463035.522569,79.873432,104,,,,,,,,,,111
0xb82359e0fdf3095dd8471df3f3c26aba5b369763,0,0.0,INSUFFICIENT_DATA,,13642828.890328,8416.464544,102,,,,,,,,,,112
0x0d446c3372a9ba9cddef0eef7a1afab6dc0e8c0b,0,0.0,UNKNOWN,,52159519.387571,0.0,117,,,,,,,,,,113
0xd9225c2b6383f6e532c01c34d7588b1106b9e30b,0,0.0,INSUFFICIENT_DATA,,18410404.095228,449522.408369,119,,,,,,,,,,114
0x33631426077c380edb2fee05effae4e8f481b648,0,0.0,UNKNOWN,,13424488.124138,1565250.471762,110,,,,,,,,,,115
0xb2ee477ced8d69afdb5707b31170c782f5f26f5b,0,0.0,UNKNOWN,,13886545.171333,82276.588244,106,,,,,,,,,,116
0xa69e24a291687a7cc0bb1d8bc09ba74e667d4d9e,0,0.0,UNKNOWN,,15695469.681327,1394229.193608,111,,,,,,,,,,117
0x2ed8e7d874453b1136d54d84022200ec48172116,0,0.0,INSUFFICIENT_DATA,,11034152.145348001,604804.194881,112,,,,,,,,,,118
0x9e0978861d184c767786bff6ddc67a40e56ce48a,2,0.0,INSUFFICIENT_DATA,,2334322.360667,139.19968,114,,,,,,,,,,119
0x8e096995c3e4a3f0bc5b3ea1cba94de2aa4d70c9,0,0.0,INSUFFICIENT_DATA,憨巴小龙,60404276.973738,-886080.956363,113,,,,,,,,,,120
0x90ee80619c9758baf30466bf69015c4c5447b85f,0,0.0,UNKNOWN,thank you jeff 33,6823316.35508,82402.296829,130,,,,,,,,,,121
0xcbd6b0dee49eea88a3343ff4e5a2423586b4c1d6,0,0.0,INSUFFICIENT_DATA,,7481124.025987,874850.6209,129,,,,,,,,,,122
0x9ab1c356e6af86361446497fce954b3cdf940206,0,0.0,UNKNOWN,,12457321.405421,14527.482712,124,,,,,,,,,,123
0x0e7bfd73a9163e45913deec0b0992447b51dc995,0,0.0,UNKNOWN,,9089176.215371,475163.169721,121,,,,,,,,,,124
0x2ea18c23f72a4b6172c55b411823cdc5335923f4,0,0.0,UNKNOWN,,106341324.52,0.30939,93,,,,,,,,,,125
0xbde2ddc49a2e6827300faa6afc93d572114a60b1,0,0.0,UNKNOWN,,97508580.87823,0.0,94,,,,,,,,,,126
0x9ff588d01f8948c25b3dd8a36fc583b019fd4a61,0,0.0,UNKNOWN,,16975500.403212,484437.541578,95,,,,,,,,,,127
0xbbbc35dfac3a00a03a8fde3540eca4f0e15c5e64,0,0.0,INSUFFICIENT_DATA,,20965868.235301,1753835.429578,92,,,,,,,,,,128
0x8bff50aad8b4e06c5e148eaeb9d7aef69e26cdc3,0,0.0,INSUFFICIENT_DATA,,28681089.299221,18.936422,96,,,,,,,,,,129
0x1da722cfa8b0dfda57cf8d787689039c7a63f049,0,0.0,UNKNOWN,EARLY,24431980.206324,2665506.026704,87,,,,,,,,,,130
0x9794bbbc222b6b93c1417d01aa1ff06d42e5333b,0,0.0,INSUFFICIENT_DATA,,144134839.23568,0.0,83,,,,,,,,,,131
0xfae95f601f3a25ace60d19dbb929f2a5c57e3571,0,0.0,INSUFFICIENT_DATA,thank you jefef,150819590.891107,0.0,81,,,,,,,,,,132
0x77375a8c9d13bf79afb2a87f1b0ac1dfd5f5bf66,0,0.0,INSUFFICIENT_DATA,,28752312.768315,3452002.2871820005,88,,,,,,,,,,133
0x51156f7002c4f74f4956c9e0f2b7bfb6e9dbfac2,0,0.0,UNKNOWN,jefe,71748774.113099,24419.676167,79,,,,,,,,,,134
0x0e8bf301805df4e6ba7151297e5f7dfedc1eaab9,0,0.0,INSUFFICIENT_DATA,,30709168.865105,5295109.102563,78,,,,,,,,,,135
0xbee95bb47bc4e28bb1fd489a2d0f873fe59172ad,0,0.0,UNKNOWN,,28379021.397905,4975300.354203,77,,,,,,,,,,136
0x31c683a67f0e3919a86fead9241d94f34679f11f,0,0.0,INSUFFICIENT_DATA,,4093442.968043,21739.220884,197,,,,,,,,,,137
0x56825661e867c2be7f82d2ea76bde98115446cda,0,0.0,INSUFFICIENT_DATA,,7771249.979995,681749.240025,194,,,,,,,,,,138
0x862dd8e68f30693e3d3c9daa42a440bc6d2a1f0c,0,0.0,UNKNOWN,,3869338.0722740004,479161.0314100001,195,,,,,,,,,,139
0x2263b62fec062260e2ce72fa2e3b8a89d6bc062e,0,0.0,INSUFFICIENT_DATA,,18474614.393882,0.055536,185,,,,,,,,,,140
0x80f0cd23da5bf3a0101110cfd0f89c8a69a1384d,0,0.0,UNKNOWN,,2154101.060455,608159.468884,187,,,,,,,,,,141
0x0998dca9d8896c8f3e36ad594db31b3f75ca0e0e,0,0.0,UNKNOWN,,3246416.753269,695929.994815,189,,,,,,,,,,142
0x95cd5104e3e618f505428265eb459d5ec9363e17,0,0.0,UNKNOWN,,3134503.554559,164916.162596,191,,,,,,,,,,143
0xa82fe73bbd768bc15d1ef2f6142a21ff8bd762ad,0,0.0,UNKNOWN,,2137982.173499,598532.355176,192,,,,,,,,,,144
0xbb780de916dde665445f673495426c5273389dad,0,0.0,UNKNOWN,,16386203.89946,0.000164,200,,,,,,,,,,145
0xd07c845339b07d98c62f4c6b898a54b0c1baa992,0,0.0,UNKNOWN,,16658099.192789,0.0,199,,,,,,,,,,146
0xd2d818dfd6ff0f87cc7f3a516a396c1be20deba2,0,0.0,INSUFFICIENT_DATA,,3730510.564311,772613.002861,177,,,,,,,,,,147
0x5c02f2dfcb6537b83929596fe8a3278e237e3e7c,0,0.0,INSUFFICIENT_DATA,thank you jeffff,19688888.783822,0.0,178,,,,,,,,,,148
0x7fe8cfe481ec2f702692a9152e3f002f3e417ac6,0,0.0,INSUFFICIENT_DATA,,25897015.997296,0.0,151,,,,,,,,,,149
0x9a1500b41519868039b1f95c447ba50b76d837e6,6,0.0,INSUFFICIENT_DATA,,6029208.368934,1221224.706729,141,,,,,,,,,,150
0xbb10bda01f56b1604f2f024f2d18fcaf5d2b20b0,0,0.0,INSUFFICIENT_DATA,,5875391.221983,562728.635949,148,,,,,,,,,,151
0x0e7c86423131a9e07dc116a2fa8ce3b283b9fd4f,0,0.0,UNKNOWN,,1103669.070609,194.750231,146,,,,,,,,,,152
0x156115e100141e9330620c253225cc5ee598a31a,0,0.0,INSUFFICIENT_DATA,,18652376.466786,3216321.526012,157,,,,,,,,,,153
0x598f9efb3164ec216b4eff33c2b239605be5af8e,0,0.0,UNKNOWN,SSS888,23908868.159848,0.0,161,,,,,,,,,,154
0xaac84e8df34f86edeafe037826c0d4a833237013,0,0.0,INSUFFICIENT_DATA,Nexus,6183991.579005,795649.4694,150,,,,,,,,,,155
0x6cd68e8f04490cd1a5a21cc97cc8bc15b47dc9eb,3,0.0,INSUFFICIENT_DATA,jeff is king,6695425.686799,836156.663946,152,,,,,,,,,,156
0x1cba6c6ead0b6221b379f3ec1a56f47f798eedae,0,0.0,INSUFFICIENT_DATA,,6111945.884177,599.740812,156,,,,,,,,,,157
0xc4d4fc1b01c94be075a51a515f991fa7b949fec4,0,0.0,INSUFFICIENT_DATA,,4401812.288981,781730.901854,154,,,,,,,,,,158
0xd2055c67884ef085760f31c06300880e7f745acf,13,0.0,INSUFFICIENT_DATA,thx jefe,4260145.347328,423016.903334,158,,,,,,,,,,159
0x6aabd336c0e52f0c20d9db89e0824fc3a3233480,0,0.0,INSUFFICIENT_DATA,,5063136.173802,853459.529349,153,,,,,,,,,,160
0x3119a5bf3ce136b2ea82969a26e5f570c0319209,0,0.0,INSUFFICIENT_DATA,,5261071.826611,731865.539239,167,,,,,,,,,,161
0xdafc555a97b358bc09fccf4c0e583c1ec5838b16,0,0.0,INSUFFICIENT_DATA,Prison Su Zhu,22936541.214316003,0.0,165,,,,,,,,,,162
0xf3e0382cd43a83fb92cddd433425d3540cf143f0,0,0.0,UNKNOWN,,195481.087545,762.102605,164,,,,,,,,,,163
0x4f2ce56828a20a9eea0c5ca082db2958e47f4fb8,0,0.0,UNKNOWN,,4713715.864732,971362.661433,163,,,,,,,,,,164
0xb302e616c9167cbdebeaadfa86a2eabc2a413023,0,0.0,INSUFFICIENT_DATA,hypurr,2726752.681,1295.431508,142,,,,,,,,,,165
0xea1feb9a9a006a7fc253c6ca87349be0da072f25,0,0.0,UNKNOWN,,15427666.434008,36622.127778,140,,,,,,,,,,166
0x5a106f5cf9fba6af5dda6bde1b8f3bacbd532c37,13,0.0,INSUFFICIENT_DATA,,5871246.806344,1214719.803307,138,,,,,,,,,,167
0xcb58b8f5ec6d47985f0728465c25a08ef9ad2c7b,0,0.0,INSUFFICIENT_DATA,cat hot wallet,7287590.074542,660169.868729,139,,,,,,,,,,168
0x91531adfe1d601229918fd142f45b058aeeca26d,0,0.0,UNKNOWN,,7622237.966486998,78114.832258,181,,,,,,,,,,169
0xe0736ae0872d83360f20842aed7195b2e1f4ba86,0,0.0,INSUFFICIENT_DATA,,4421199.478803,882080.991004,179,,,,,,,,,,170
0xdf35aee8ef5658686142acd1e5ab5dbcdf8c51e8,0,0.0,UNKNOWN,,2162067.144599,598478.38225,196,,,,,,,,,,171
0x391d8af8f763394d74d329fdfd7138960b5e74c1,12,0.0,INSUFFICIENT_DATA,,75192.746152,1778.559425,172,,,,,,,,,,172
0x3eea372582e72f1d189ce02e7a65968015622a01,5,0.0,INSUFFICIENT_DATA,,4036597.665749,551690.214723,171,,,,,,,,,,173
0x922197fd26290e3af3da0c35e7f4f299d95e8741,909,-0.0006,NO_EDGE,,561074.845556,86905.961245,11,-0.3544,-0.0635,-0.0624,-0.1161,0.0518,-0.1227,0.000553,IMPROVING,"[0.24475221429458707, 0.24430495323188522, 0.24403029513823654, 0.24375553727067312, 0.24348126664582942, 0.2432074816576567, 0.2429341807076372, 0.24266136220473894, 0.24238902456537043, 0.24211716621333546]",174
0x071d9fe61ce306aef04b7889780f889f444d7bf7,1137,-0.0662,NO_EDGE,milady,8507305.848001001,1088342.690228,126,0.0048,0.0029,-0.0281,-0.0205,-0.0281,-0.6699,-0.000191,DETERIORATING,"[-0.038967117540492986, -0.03775392179889703, -0.03654292425884295, -0.03533501023428604, -0.03412837699817998, -0.03292213192289016, -0.03171628003400068, -0.030510826331426967, -0.029307542407687653, -0.028106418579849985]",175
0x5dea81dac54f242593f0f1b58c0faf50f27c46e1,765,-0.069,NO_EDGE,,177954.410406,140.963072,73,0.4093,0.0467,-0.1318,-0.0143,-0.2327,0.3225,0.004209,IMPROVING,"[-0.01084910196566253, -0.030351916001164356, -0.04789106389211108, -0.06386973434843402, -0.07829210143166038, -0.08520884731851375, -0.08810132601542985, -0.09098551237636224, -0.09388107135674123, -0.09888011914138406]",176
0x4e14fc11f58b64740e66e4b1aa188a4b007c0eab,442,-0.1073,NO_EDGE,,55351428.166076,11627873.787447,68,-0.6152,-0.4416,-0.1622,-0.0972,-0.1622,0.5335,-0.002929,DETERIORATING,"[-0.1460893507122351, -0.14870489971774042, -0.1513074595211672, -0.15389718214429035, -0.15647421695063318, -0.15903871070649417, -0.16159080764024827, -0.1641306494999818, -0.16665837560951455, -0.16224338147529868]",177
0x7ca6cf3d025d00d8b1f42c2d1131061da148d415,102,-0.1099,NO_EDGE,,172804.23747,190.416658,99,-0.1939,-0.1642,-0.1592,-0.1838,-0.0775,-1.5417,0.00716,IMPROVING,"[-0.06685864620309688, -0.02924004698050543, -0.04806666252011073, 0.08025727739149922, 0.16502120548277857, 0.23130622573135012, 0.20448807149533535, 0.17953668010493679, 0.12709142858240635, 0.07722641491865755]",178
0xc9690323e15cc4668c776224f90340a85ee14a10,169,-0.1123,NO_EDGE,,660623.769692,148.342923,40,0.3347,0.1122,-0.0847,-0.4505,-0.0847,-0.8295,0.000227,IMPROVING,"[-0.1272368592633569, -0.12182839362960832, -0.11674555284286924, -0.11184242480525682, -0.10708390089365073, -0.10239747940654584, -0.09780773052029401, -0.09327690856952335, -0.08893700266073884, -0.08467662182146377]",179
0x2f7288f375edf1d2215b3f2ffcd8bc2ec499aed4,910,-0.1225,NO_EDGE,,534958.043754,19305.366694,13,0.387,0.0253,-0.2085,-0.2626,-0.1066,0.2895,-0.003664,DETERIORATING,"[-0.20290276202469637, -0.20559187071004772, -0.20826958732794085, -0.21097490227646962, -0.21366857003638443, -0.21636976701904978, -0.2190593229550793, -0.22173944898682968, -0.22440609303146034, -0.2270614752033407]",180
0x1e5c797a569276bda2ee21750186000e01d2bb5b,952,-0.1396,NO_EDGE,,2176106.863177,1393.702045,66,0.2813,0.0636,-0.1985,-0.376,-0.1985,-0.184,0.00116,IMPROVING,"[-0.2087831453909895, -0.20760880177669527, -0.206445720257993, -0.20528973092718233, -0.204136709118736, -0.20299070772990993, -0.20185168108952595, -0.20071958408127075, -0.19959033717278396, -0.19846392529172616]",181
0xbd2d67376d2e9abb125a70e817896425f5f22289,198,-0.1561,NO_EDGE,,140591.920527,1042.279066,86,0.3315,-0.0661,-0.2412,0.1418,-0.2997,0.2432,0.001995,IMPROVING,"[-0.1971263579237165, -0.20858432373262306, -0.2281221014115458, -0.19228852427030027, -0.5140327620843654, -0.4902939787627178, -0.467776794275999, -0.458670349547469, -0.44984170627140985, -0.44135859194189647]",182
0xfbcde59cfddb74fe367876400f1b74ce459a2d78,1053,-0.1698,NO_EDGE,,198545.227831,86056.695638,26,-0.1798,-0.0656,-0.0752,0.0116,-0.2134,-0.9708,0.000288,IMPROVING,"[-0.0845450086648686, -0.08426675128176224, -0.0839891584329059, -0.08371222864684551, -0.08343596045782303, -0.0831600095684294, -0.08288437520174016, -0.08260939898821419, -0.08233473732043761, -0.08206038943097985]",183
0x7e73ccc793e2448c4510249e71de9aee4442d7dd,563,-0.1935,NO_EDGE,Chillz,1740997.258561,43716.127531,118,-0.244,-0.1896,-0.1729,-0.036,-0.1729,-1.2856,0.001324,IMPROVING,"[-0.1699503020973093, -0.1718732069346985, -0.1737898312085349, -0.1745974002995584, -0.17540350118281792, -0.1749681851014114, -0.1745338979558944, -0.174100634938289, -0.17366839127292502, -0.17323716221615845]",184
0xcccf42c120fa1a7ad953665500c1bd4f6307b34b,913,-0.2827,NO_EDGE,,6641637.843598,233800.053755,162,0.0717,-0.0572,-0.2687,-0.2119,-0.2687,-1.2092,-0.001405,DETERIORATING,"[-0.2599238870800776, -0.2613255742242058, -0.2627234952534376, -0.26411767524794355, -0.2655081390341724, -0.26689491118824943, -0.26827801603931845, -0.269657477672829, -0.2710333199337689, -0.27240556642984387]",185
0xa11f83cbb07fd0327415bd424b986132e009f643,769,-0.2922,NO_EDGE,,1191493.984719,441443.829712,107,0.0101,-0.3012,-0.4539,-0.239,-0.5094,0.0476,0.004459,IMPROVING,"[-0.33224798184458143, -0.3290661594543797, -0.32590651157818834, -0.3227687260103332, -0.3196524968722989, -0.31655752444689594, -0.31737085391937725, -0.31818270621909167, -0.3189930883893622, -0.319802007421429]",186
0xc794b210337339ce83f5be21f0f62802c029b332,605,-0.4234,NO_EDGE,Liquid_Baron,1053726.589756,506256.077612,70,-0.1481,-0.2017,-0.4531,-0.3157,-0.4531,-1.6765,0.000548,IMPROVING,"[-0.4954871864138911, -0.4951449334445982, -0.49480382402330736, -0.4944638524335213, -0.4941250129981245, -0.48589688838973394, -0.4778355562613571, -0.4699346200537989, -0.46218802911453855, -0.45459005483119813]",187
0xeb3648865b1471996e5f65ae845f9eb9226b9a02,860,-0.4541,NO_EDGE,,7292002.991843,829763.04305,132,-0.6039,-0.4934,-0.6392,-0.642,-0.6762,0.2376,-0.000771,DETERIORATING,"[-0.6738984872589251, -0.6728020011132906, -0.6717107404928256, -0.6706246638314303, -0.669543730024815, -0.6684678984239226, -0.6673971288284646, -0.6663313814805688, -0.6652706170585364, -0.6642147966707078]",188
0xbe10fd36393c8b677281d0bc2cf1bb8c98ad4b34,1085,-0.4705,NO_EDGE,,911933.8614790001,123960.71656,82,-0.0583,-0.5671,-0.6219,-0.6723,-0.6219,-0.4119,-0.000766,DETERIORATING,"[-0.6145452684622056, -0.6153006082237135, -0.6160552297577206, -0.616809738346726, -0.617563531157538, -0.6183166100149624, -0.6190689767365176, -0.6198212334742849, -0.6205727804886388, -0.6213236195801716]",189
0xbd9c944dcfb31cd24c81ebf1c974d950f44e42b8,274,-0.4865,NO_EDGE,guy.neet,2157660.03682,267278.78148,75,-0.1585,0.0083,-0.0261,-0.2177,-0.8877,-0.7353,-0.007454,DETERIORATING,"[-1.4935973799147217, -1.5002941922477777, -1.5069620013268539, -1.5136011738287949, -1.5202120688763725, -1.5267950382520086, -1.5333504266038513, -1.5398785716445371, -1.546379804342948, -1.5528544491092682]",190
0xa464abbf049fb75585484addcbc00169062e813a,50,-0.5084,NO_EDGE,fuck jeff gib S3,31666283.767169997,296.04,100,0.3882,0.2867,-0.5269,-1.2212,-0.5269,-0.5927,-0.020426,DETERIORATING,"[-0.4078838246691114, -0.42220454335341495, -0.4362167648006832, -0.44993718448249714, -0.46338113661017294, -0.47656273901091284, -0.4894950192280239, -0.5021900246878961, -0.5146589192874167, -0.5269120683601786]",191
0x9e8b1e51c642f4c8b87c6ba11c53d516a218afc4,708,-0.5565,NO_EDGE,,18252456.125409,774526.621605,137,0.531,0.0046,-0.7474,-0.8711,-0.7474,-0.3448,-0.001039,DETERIORATING,"[-0.7368672456026564, -0.7380255161324748, -0.7391863927067575, -0.7403497583913067, -0.7415143827116645, -0.7426812970099734, -0.7438503952141984, -0.7450215748190547, -0.7462011488789546, -0.7473824827409743]",192
0xf517639a8872e756ac98d3c65507d2ebc25cc032,1044,-0.8851,NO_EDGE,NMTD -Thank you Jeff,25619493.933546,622516.855416,105,0.2223,-0.7561,-0.2935,1.2808,-14.0831,-0.3885,0.002884,IMPROVING,"[-0.31649788420205377, -0.3139986453325645, -0.31151413505910197, -0.3090441783066184, -0.3065886029967117, -0.3039475806501517, -0.3013233449554767, -0.2987156805817879, -0.2961243761747437, -0.2935492242615471]",193
0xbdfa4f4492dd7b7cf211209c4791af8d52bf5c50,21,-1.137,NO_EDGE,,73128013.68596801,9834588.35266,63,-0.705,-0.7951,-1.1611,-1.028,-8.4574,-1.3294,1.519417,IMPROVING,"[-13.0538150543263, -12.893060162013247, -12.881491741137244, -12.955616672803355, -3.2826592984542224, -2.3549001824605953, -1.9292019566113299, -1.6712964709349611, -1.4933765691657288, -1.3609084554451165]",194
0xabceb0f84c830d6d7b94c6273f2ab27ca597aa25,74,-1.3692,NO_EDGE,,5216181.141974,84944.330736,147,0.5728,-15.252,-23.7219,-32.8357,-23.7219,-1.0381,2.785056,IMPROVING,"[-24.44400142373396, -24.355447742469057, -24.266370335175697, -24.189453775759137, -24.10510842101277, -24.00758364844761, -23.92215740537075, -23.84763523046971, -23.782972326089112, -23.72187177828305]",195
0xc59498175d6d317642aeb97f895a7ce1aa992191,383,-1.3753,NO_EDGE,,34234102.605454,0.013108,133,18.1621,3.8918,-25.7998,62.1519,-25.7998,-1.13,0.074783,IMPROVING,"[-27.021564465681447, -26.887289140531838, -26.74866771336054, -26.61394112961159, -26.475048805535312, -26.336139177337394, -26.20115348494938, -26.066119599030074, -25.931083054800702, -25.799824939791762]",196
0x42b6d907f36255d48f70db8b4a2684088a162634,135,-1.3947,NO_EDGE,,17077693.354669,114.704205,198,11.9509,-5.7721,-42.6475,66.584,-42.6475,-1.4212,0.487472,IMPROVING,"[-45.984995439970895, -45.65051131570512, -45.29645353212238, -44.924273490537345, -44.53546162335548, -44.13152947263506, -43.753282618444004, -43.37987445141526, -43.01129941798653, -42.64754543198645]",197
0x7007c7c32cb120961c011c38f5aad2f0dbb05c73,23,-1.4,NO_EDGE,,3734137.135687,651114.864259,180,-642.5365,549.7993,-103.3749,1496.7572,-103.3749,0.0,0.0,DETERIORATING,[-103.37489929898427],198
0xa4dedda59f2908b92ae192cfd494839373bcb3c4,140,-1.5,NO_EDGE,,16180445.769096,1150281.823626,59,-113.9769,-129.8329,-121.4643,-12.5076,-121.4643,-4.5011,3.511405,IMPROVING,"[-140.08771010746008, -137.68227566968042, -135.8098097558808, -134.3511353378356, -132.03151991098446, -130.1815890073559, -127.58822756771897, -125.49381298119339, -123.79167672265804, -121.4642813016375]",199
0xf3297d354b7a8c594a54154c7dc03d924b6c87c9,20,-1.5,NO_EDGE,cookie,829359.686252,323.776115,8,-2.4521,-2.9837,-2.5963,-2.5724,-2.5963,-3.4387,0.04062,IMPROVING,"[-7.547522169007679, -7.903195160860901, -8.241652053699807, -8.566548286924814, -8.879510253441195, -9.181266763496678, -9.47239289157614, -9.753473318186337, -3.640778757392245, -2.596318898970267]",200
