address,address_short,rank,account_value,pnl_alltime,pnl_month,pnl_week,roi_alltime,roi_month,volume_month,n_open_positions,open_assets,max_leverage,sufficient_data,total_trades,n_assets_traded,total_closed_pnl,total_fees_paid,net_pnl,win_rate,n_wins,n_losses,avg_win,avg_loss,profit_factor,n_liquidations,liquidation_rate,top_asset_1,top_asset_2,top_asset_3,asset_hhi,is_concentrated,long_pct,short_pct,bias,avg_trade_value,median_trade_value,max_trade_value,avg_hold_hours,hold_style,trades_per_day,days_active,sharpe,max_drawdown,peak_hour_utc,total_funding_pnl,funding_pnl_pct
0x14b25601e369b40f5bcd1de0f9a53174e3c59d34,0x14b2…9d34,1,2956.497557,4452843.927557,2112.77083,496.832373,17.5899596308,2.5040937574,0.0,0,,0.0,False,,,,,,,,,,,,,,,,,,,,,,,,,,,,,,,,,
0x4583f9b7a06ab8b5b7b4a7dd27e774356015d406,0x4583…d406,2,7.344184,2806946.984184,1356.283924,0.166767,5.0473988099,2.712567848,2892.44,0,,0.0,True,2000.0,13.0,11402.210983,1160.9995849999998,10241.211398000001,0.5922330097087378,549.0,378.0,85.55686041347906,-94.09657508994708,1.3205704276831698,9.0,0.009708737864077669,xyz:SILVER,MON,FOGO,0.308392,False,0.72,0.2795,LONG,2556.266334006354,662.04,274499.5,25.09210486111111,SWING,100.0,20.0,2.227931374415252,-0.5764777075279435,13.0,937.051295,0.09149809124953676
0xf07fc9df6cc892029addbef2994d8c221d37f2f6,0xf07f…f2f6,3,481965.976115,2555963.576115,337953.860142,176062.245743,25559.63576115,2.3467043579,0.0,0,,0.0,False,,,,,,,,,,,,,,,,,,,,,,,,,,,,,,,,,
0x052c405b0291dbac72c6a106db8c65580c53241f,0x052c…241f,4,4010.700389,1642723.840389,3997.787108,948.520207,155.8884525629,19.98893554,0.0,0,,0.0,True,173.0,7.0,2825.1752345699997,63.23465262090001,2761.9405819491,1.0,65.0,0.0,43.49035567692307,,,9.0,0.13846153846153847,HYPE,,,0.4701460122289418,False,0.5838150289017341,0.0,NEUTRAL,6642.732939192959,2214.2848,150031.48636,14.67463972222222,SWING,8.238095238095237,21.0,0.0,0.0,14.0,-41.91863700000001,-0.015177240695894352
0x45d3730a8f811519f3cc310d54ffc4d2142b3773,0x45d3…3773,5,5.832056,1591385.692056,1014.987273,0.0,6.4473983186,5.074936365,2031.32,0,,0.0,False,,,,,,,,,,,,,,,,,,,,,,,,,,,,,,,,,
0xc3cdb57c1169fd641ef5d08d9a5828e5a8bcefcf,0xc3cd…efcf,6,70.109972,1583659.889972,2610.93174,3.820379,24.2604955684,13.5458142101,5315.76,0,,0.0,True,47.0,8.0,-1785.9681179999995,142.84038137950003,-1928.8084993794996,0.0,0.0,21.0,,-207.88048352380952,,0.0,0.0,BTC,,,0.4549569941149841,False,0.0,0.6595744680851063,SHORT,4530.529129573399,277.938,29999.6112,71.10847833333334,SWING,0.5949367088607594,79.0,0.0,0.0,5.0,58.58532399999999,0.03037384168456691
0x7ee8fd43698a51053cd9729b29cbd90ab68fbc6c,0x7ee8…bc6c,7,3561.187465,1274660.497465,3517.869829,831.17123,30.5470314161,35.17869829,0.0,0,,0.0,False,,,,,,,,,,,,,,,,,,,,,,,,,,,,,,,,,
0x003a85c562730b196f7cba202a2515f2ff855736,0x003a…5736,8,316647.989641,908951.569641,257835.663163,-4097.605527,5.6265195277,4.1049328841,13921261.32,3,"BTC,ETH,HYPE",40.0,True,2000.0,6.0,-63919.434485,4260.958396,-68180.39288099999,0.3818443804034582,265.0,429.0,250.5439094377358,-303.7218853053613,0.5095611915737205,156.0,0.22478386167146974,ETH,HYPE,ZEC,0.2956004999999999,False,0.795,0.2055,LONG,7142.09274412,1265.87461,333269.189,68.86866527777778,SWING,62.5,32.0,-3.3818721587544776,-0.0,20.0,2093.9426530000005,0.03071180092280643
0xf3297d354b7a8c594a54154c7dc03d924b6c87c9,0xf329…87c9,9,0.372666,829359.702666,323.805637,0.016773,20.9108671363,3.23805637,647.69,0,,0.0,True,132.0,9.0,-9713.18347126,83.36090255999999,-9796.54437382,0.028985507246376812,2.0,67.0,0.07529999999999999,-150.44081101492537,1.4941166421968093e-05,0.0,0.0,hyna:BTC,LIT,,0.44857667584940314,False,0.6439393939393939,0.030303030303030304,LONG,1363.4319025130103,376.815,45188.1,21.660353055555557,SWING,1.7837837837837838,74.0,-9.303847750151752,-0.0,13.0,-32.13267799999999,-0.0032800012712513637
0x9cd0a696c7cbb9d44de99268194cb08e5684e5fe,0x9cd0…e5fe,10,3233182.474472,3346206.454472,2142499.542734,547159.545744,33462.06454472,1.7799031665,0.0,0,,0.0,False,,,,,,,,,,,,,,,,,,,,,,,,,,,,,,,,,
0xda183a6d3ccb5d9e76b1b9067dce81940f22021c,0xda18…021c,11,1.439349,583532.499349,1314.864841,0.0,23.3818615498,2.0008762532,1971.99,0,,0.0,True,93.0,5.0,-45323.30961223,71.92690860999998,-45395.23652084,0.0,,,,,0.0,0.0,0.0,,,,0.35506995028326976,False,0.0,0.0,NEUTRAL,2174.325645868326,512.98,42000.0,0.0,SCALPER,1.0333333333333334,90.0,0.0,0.0,17.0,0.0,0.0
0x922197fd26290e3af3da0c35e7f4f299d95e8741,0x9221…8741,12,105363.293644,565686.923644,89438.877883,40308.617381,126.2168801772,4.2793549377,33790292.91,0,,0.0,True,2000.0,16.0,23852.852200010002,2034.5783371500002,21818.273862860002,0.6920565832426551,636.0,283.0,130.9150215833333,-223.6395756567164,1.315562550865562,13.0,0.014145810663764961,xyz:CL,xyz:XYZ100,xyz:EWY,0.13487,False,0.312,0.6885,SHORT,8542.503237838971,770.311602,302441.62336,3.9279605555555555,INTRADAY,50.0,40.0,2.64503455839052,0.0,13.0,976.257816,0.04474496113378739
0x7a2dec2cf9247964f22afae48fc7d6ad5b71e137,0x7a2d…e137,13,332.942629,547790.002629,321.752553,79.188363,5477.90002629,3.21752553,11262.48,0,,0.0,True,151.0,3.0,-8187.965226170001,389.137124679,-8577.102350849002,0.0,0.0,56.0,,-146.19883003571428,,56.0,1.0,ETH,,,0.6663304241042058,True,0.7947019867549668,0.0,LONG,5257.197430535761,999.808698,76102.41318999999,51.05668111111111,SWING,2.0972222222222223,72.0,0.0,0.0,14.0,-223.818554,-0.02609489135661829
0x2f7288f375edf1d2215b3f2ffcd8bc2ec499aed4,0x2f72…aed4,14,16.751294,534958.131294,19305.366694,0.0,79.5547753397,2.0173970498,1926945.29,0,,0.0,True,1847.0,10.0,-370.24732392999795,2232.5954753100004,-2602.8427992399984,0.41346153846153844,344.0,488.0,148.5283146860465,-105.31020945491804,0.9942083293117009,0.0,0.0,HYPE,BTC,SOL,0.24056247726379337,False,0.9355711965349215,0.0568489442338928,LONG,2725.5121626127775,763.8202349999999,77617.94039999999,48.475118611111114,SWING,21.229885057471265,87.0,-0.022182218384464582,-39.51321242835906,14.0,-361.2790150000001,-0.13880170370084954
0x5b28335f6d5cd5a1ac3b66eb2edd2b917e7aa4a4,0x5b28…a4a4,15,585266.534672,533640.904672,531326.612678,45797.441089,5.9541105002,5.7790631225,24872644.15,1,BTC,40.0,True,1654.0,2.0,417539.794536,2224.658328,415315.136208,1.0,1138.0,0.0,352.0606404534271,,,47.0,0.04130052724077329,BTC,xyz:XYZ100,,0.5870156112695908,True,0.2714631197097944,0.7291414752116082,SHORT,13228.98476579202,409.4496,703210.0,63.36721472222222,SWING,45.94444444444444,36.0,7.450456216194392,0.0,7.0,-3884.7268139999996,-0.009353684648888966
0xaa7f0d3da989dae8fd166345a3ce21509f8c8bb4,0xaa7f…8bb4,16,108814.392028,328844.532028,228634.996132,46596.90625,3288.44532028,2.2811044272,0.0,0,,0.0,False,,,,,,,,,,,,,,,,,,,,,,,,,,,,,,,,,
0xd47d1c8ba0687a5d11d1c4a1a05d34a94581060e,0xd47d…060e,17,240030.0,324401.1,168910.0,88011.0,3244.011,2.375,0.0,0,,0.0,False,,,,,,,,,,,,,,,,,,,,,,,,,,,,,,,,,
0x5bed117e5d6ad7a2a28ce7a320c05bd933663742,0x5bed…3742,18,270000.0,270000.0,190000.0,99000.0,2700.0,2.375,0.0,0,,0.0,False,,,,,,,,,,,,,,,,,,,,,,,,,,,,,,,,,
0xf70d33244f99dcc8daf08f88154ad0391a67fe7d,0xf70d…fe7d,19,270000.0,270000.0,190000.0,99000.0,2700.0,2.375,0.0,0,,0.0,False,,,,,,,,,,,,,,,,,,,,,,,,,,,,,,,,,
0x6635159add6b4c53fddf64002c2db7905ff52e7c,0x6635…2e7c,20,5309.926248,265643.576248,5292.645451,0.0,2656.43576248,52.92645451,5288.37,0,,0.0,True,27.0,3.0,4799.91012998,3.5868922100000002,4796.323237770001,0.0,,,,,0.0,0.0,0.0,,,,0.7393689986282579,True,0.0,0.0,NEUTRAL,414.32809827404503,110.7859607,5695.990344000001,0.0,SCALPER,0.4576271186440678,59.0,0.0,0.0,14.0,0.0,0.0
0xef4a52d5483049b37cb883539d1b380eed80a598,0xef4a…a598,21,5.093313,1862347.403313,1146.839272,0.045041,4.6806022779,5.73419636,1147.36,0,,0.0,False,,,,,,,,,,,,,,,,,,,,,,,,,,,,,,,,,
0xfc02736679379ff15917cafd25b863fffb8ba5b5,0xfc02…a5b5,22,0.231455,242411.691455,1125.648076,0.01291,6.8286907083,11.25648076,2252.05,0,,0.0,False,,,,,,,,,,,,,,,,,,,,,,,,,,,,,,,,,
0x1c81fb7100276aef766092e16cfcf61097e97a5d,0x1c81…7a5d,23,201748.515753,262338.693564,261969.613564,15032.926683,4.9651392563,4.9237595867,107066549.63,1,BTC,18.0,True,2000.0,4.0,287022.66283944994,4386.08395944,282636.57888000994,0.23182297154899895,220.0,729.0,84.94127617727274,-134.99110539231825,0.18989292340402641,2.0,0.002107481559536354,xyz:COPPER,SOL,xyz:CL,0.566621,True,0.7025,0.28,LONG,14355.034438367735,6017.314648,1078705.06384,11.146001944444444,INTRADAY,181.8181818181818,11.0,-10.510809754399633,-754.2210231465511,11.0,-5113.664763999999,-0.018092720992674293
0xfbcde59cfddb74fe367876400f1b74ce459a2d78,0xfbcd…2d78,24,134339.681827,203674.121827,105143.130507,10035.333196,34.3140133387,3.6012174642,7776351.25,0,,0.0,True,2000.0,11.0,76505.89012848999,1103.6217329800002,75402.26839551,0.6681715575620768,592.0,294.0,199.32095851182433,-181.81653411564625,2.2074657222540313,5.0,0.0056433408577878106,VVV,SOL,HYPE,0.3287544999999999,False,0.85,0.12,LONG,2220.024759420082,886.4356799999999,219907.1424,29.81862,SWING,23.25581395348837,86.0,2.832516241231605,-2.0541079667394957,22.0,5073.412611999999,0.06728461517083625
0xf75afed508c169b77dde62ec363289e189edd6ad,0xf75a…d6ad,25,202500.0,202500.0,142500.0,74250.0,2025.0,2.375,0.0,0,,0.0,False,,,,,,,,,,,,,,,,,,,,,,,,,,,,,,,,,
0x0012910a3d0c2fbd801ab33a1cf032ac91f77ebc,0x0012…7ebc,26,202500.0,202500.0,142500.0,74250.0,2025.0,2.375,0.0,0,,0.0,False,,,,,,,,,,,,,,,,,,,,,,,,,,,,,,,,,
0x6f9bb7e454f5b3eb2310343f0e99269dc2bb8a1d,0x6f9b…8a1d,27,57.247941,193273.527941,8933.838264,2.367387,9.6582835549,89.33838264,3107.47,0,,0.0,True,21.0,4.0,21.842363360000004,2.09643637,19.745926990000005,0.0,0.0,1.0,,-0.00682,,0.0,0.0,hyna:BTC,,,0.310657596371882,False,0.09523809523809523,0.0,NEUTRAL,289.98978504394944,79.7784044,1596.39792,0.008206666666666666,SCALPER,0.3442622950819672,61.0,0.0,0.0,5.0,0.0,0.0
0xac43dfa8bcaa09428759df2983687c2641a5bc24,0xac43…bc24,28,132463.90608,168710.75608,93203.115768,48561.043026,1687.1075608,2.3739490476,0.0,0,,0.0,False,,,,,,,,,,,,,,,,,,,,,,,,,,,,,,,,,
0x6f31fef250a34a025f7784a2e3a02b4921b30394,0x6f31…0394,29,26422.354508,232146.204508,17463.965478,723.026123,30.8445005511,1.9494537935,1350980.72,2,"HYPE,LIT",10.0,True,1355.0,27.0,13597.669288250001,782.7766957506999,12814.892592499302,0.7117903930131004,326.0,132.0,94.90521230368097,-111.30212350000001,2.1058638223991157,28.0,0.0611353711790393,BTC,HYPE,LIT,0.139642434062717,False,0.6118081180811809,0.2014760147601476,LONG,1879.6269788740851,465.336,39000.0,168.3533434722222,POSITION,15.224719101123595,89.0,3.814063855250431,-1.3945614798826587,22.0,-213.31534699999997,-0.016645894256254304
0x5e56ef6d97424b606175366cc735cd26ac1d1086,0x5e56…1086,30,0.0,146094.32,125390.27,0.0,13.9223102976,4.01922937,16565012.0,0,,0.0,True,1320.0,2.0,153439.88180600002,7865.346553,145574.535253,0.6672268907563025,397.0,198.0,477.0380526322418,-181.53649034848485,5.268832654649637,11.0,0.018487394957983194,ETH,BTC,,0.7122359963269055,True,0.759090909090909,0.2409090909090909,LONG,14725.663755848485,3567.50134,315037.0262,50.445409166666664,SWING,29.333333333333332,45.0,6.692528203287002,-0.26210046695694916,6.0,531.660605,0.003652153888563031
0x0a3d9b43475b378ebf6c59a7bcc06c68d3519d35,0x0a3d…9d35,31,710.747384,134314.497384,708.170579,0.0,6.0079135566,2.3605685967,709.03,0,,0.0,False,,,,,,,,,,,,,,,,,,,,,,,,,,,,,,,,,
0xc9690323e15cc4668c776224f90340a85ee14a10,0xc969…4a10,32,176.751774,660649.731774,174.306179,41.724001,35.5397131394,1.74306179,0.0,0,,0.0,True,567.0,7.0,-8222.890422,386.450406,-8609.340828,0.277602523659306,88.0,229.0,60.45478851136363,-58.60669589956331,0.3963972732671107,0.0,0.0,xyz:GOLD,xyz:ORCL,xyz:TSLA,0.2741586803903088,False,0.6649029982363316,0.3368606701940035,LONG,5675.488460758378,478.3096000000001,112638.92429999998,6.019501666666667,INTRADAY,47.25,12.0,-6.416115816234854,-0.0,16.0,-34.96084200000002,-0.004060803573520695
0xbe4e2bf0dad882a6b5fbc10261d4b72ba799d998,0xbe4e…d998,33,2.965917,111825.655917,915.214474,0.100624,6.2275210307,9.15214474,0.0,0,,0.0,False,,,,,,,,,,,,,,,,,,,,,,,,,,,,,,,,,
0x4ca1ff660f4b5bb15b4ef599c2cfa9728e10723a,0x4ca1…723a,34,886.887122,104752.177122,874.298875,596.708765,6.2735974775,8.74298875,47917.97,0,,0.0,True,28.0,6.0,608.2547538100001,10.476844960000001,597.7779088500001,0.6818181818181818,15.0,7.0,26.41902866666667,-40.72305657142857,1.390175714988781,7.0,0.3181818181818182,BTC,xyz:GOLD,flx:OIL,0.385204081632653,False,0.8571428571428571,0.0,LONG,1043.8672789409643,226.8875,9835.11334,30.84748,SWING,0.5384615384615384,52.0,0.758497860279373,-0.0,8.0,-0.12615900000000005,-0.00021104660799978978
0x20c22d5346fc0fc7251601db43aaf25cbaa181d9,0x20c2…81d9,35,7.821718,419072.657817,176.857775,0.0,6.1922980114,1.76857775,0.0,0,,0.0,False,,,,,,,,,,,,,,,,,,,,,,,,,,,,,,,,,
0x20596196a991b9d1ed6427974f472c45003aa4c9,0x2059…a4c9,36,873.219079,555119.959079,873.218314,208.998169,4.7215751111,8.73218314,0.0,0,,0.0,False,,,,,,,,,,,,,,,,,,,,,,,,,,,,,,,,,
0x3c8c2a111eb1e47d55acb6d5d2b96d5936210e04,0x3c8c…0e04,37,1.77407,904607.46407,163.45093,0.044083,13.3036378674,1.6345093,328.55,0,,0.0,False,,,,,,,,,,,,,,,,,,,,,,,,,,,,,,,,,
0xb1ffc7507b327a855848378004ace9a934e0beb9,0xb1ff…beb9,38,1502.018378,88121.128378,1001.128624,829.061614,9.6854910432,1.9987005444,15413.38,0,,0.0,False,,,,,,,,,,,,,,,,,,,,,,,,,,,,,,,,,
0x97be9c7904f9c772a3efbf9e10286b91ba8a773e,0x97be…773e,39,50358.37855,68069.613494,68069.613494,27854.899922,8.5087229586,8.5087229586,10333309.48,1,WLFI,5.0,True,2000.0,33.0,46402.435029019995,2579.49670191,43822.938327109994,0.7884436160298229,846.0,227.0,89.65407641134752,-132.49704692477877,2.5217866883501836,111.0,0.10344827586206896,BTC,SOL,ETH,0.0898285,False,0.2685,0.734,SHORT,4381.915732183387,1000.943422,147517.59154,15.456535,SWING,71.42857142857143,28.0,8.071015737276037,-0.5240684374846115,13.0,-2050.221177,-0.04678420149959868
0x1b478d47cc1bce09b93d783c7d48dbd74078dd2f,0x1b47…dd2f,40,2.697237,60229.807237,439.486856,0.0,7.3346315879,2.19743428,643181.05,0,,0.0,True,511.0,3.0,730.3216289999998,287.864775,442.4568539999998,0.25229357798165136,55.0,163.0,69.02838670909092,-18.811286134969325,1.2381815235419762,0.0,0.0,ETH,ONDO,LIT,0.5965242167424297,True,1.0,0.0,LONG,1258.6757202739727,475.008,15241.2084,17.078355,SWING,46.45454545454545,11.0,2.1611156735258175,-0.7000083724643833,9.0,-2.481135000000001,-0.005607631518349136
0x613ead0ea5af374af0ccfc117ef116a8e8d133fe,0x613e…33fe,41,370051.662046,2083186.182046,217231.939324,31726.390902,22.3235909721,1.4013180743,249888.7,2,"BTC,HYPE",20.0,True,240.0,2.0,-26916.13048,304.599639,-27220.730119,0.7583892617449665,113.0,36.0,0.2638051327433628,-748.498346111111,0.001106288349603219,0.0,0.0,HYPE,,,0.9433680555555555,True,1.0,0.0,LONG,2820.368078916667,499.751,33100.0,19.831041944444443,SWING,4.8979591836734695,49.0,0.0,0.0,10.0,-9764.768795,-0.3587254549129164
0x5dea81dac54f242593f0f1b58c0faf50f27c46e1,0x5dea…46e1,42,321.409025,178006.949025,202.726731,69.614232,38.0453025737,1.7081463811,145763.22,0,,0.0,True,1301.0,15.0,-1029.5505752400002,178.34267165,-1207.8932468900002,0.654320987654321,318.0,168.0,2.125593295597484,-10.14707450595238,0.3965127535055308,24.0,0.04938271604938271,km:US500,km:USTECH,xyz:SMSN,0.42832717220419925,False,0.7571099154496541,0.20983858570330516,LONG,358.76766975744164,63.34237,22507.39148,5.016291388888889,INTRADAY,15.305882352941177,85.0,-2.6806433517098185,-8.469373791400587,14.0,-66.139953,-0.05475645564729546
0x969add7b4e9b65c8fd0c996fbe90b2aabafc6d5e,0x969a…6d5e,43,179.897208,3180374.487208,123.534113,64.163199,8.9587807906,1.23534113,0.0,0,,0.0,False,,,,,,,,,,,,,,,,,,,,,,,,,,,,,,,,,
0x33782fc77170dfbb1f9fbe460a910732f929bc87,0x3378…bc87,44,0.173102,279678.87,909.007569,0.000907,4.5765214501,9.09007569,2267.62,0,,0.0,False,,,,,,,,,,,,,,,,,,,,,,,,,,,,,,,,,
0xb2a4618e5d1458e60cc1d8d080d477db7552a612,0xb2a4…a612,45,134.92813,728075.84813,133.993935,0.0,25.3289411936,1.33993935,133.94,0,,0.0,False,,,,,,,,,,,,,,,,,,,,,,,,,,,,,,,,,
0x04722123cc98c8a78f4d2851d2b363561af99edf,0x0472…9edf,46,481.76736,1034010.65736,269.080717,67.134454,29.337486753,1.2651509902,0.0,0,,0.0,False,,,,,,,,,,,,,,,,,,,,,,,,,,,,,,,,,
0xe490b3259249f0ca86e97d8461f8e1b186491037,0xe490…1037,47,146.703154,234740.453154,146.446728,34.739477,31.8994143252,1.46446728,0.0,0,,0.0,False,,,,,,,,,,,,,,,,,,,,,,,,,,,,,,,,,
0xd22f76abcf04b0194b3594073587912f9b9e56f9,0xd22f…56f9,48,266.97686,479534.75686,266.129643,63.687116,8.60213554,1.330648215,0.0,0,,0.0,False,,,,,,,,,,,,,,,,,,,,,,,,,,,,,,,,,
0xcada145bb9d2be13a8783b8b3d58700c79c966e5,0xcada…66e5,49,3718410.884,4324662.444,1842045.6,2272186.8,43246.62444,0.9817094868,0.0,0,,0.0,False,,,,,,,,,,,,,,,,,,,,,,,,,,,,,,,,,
0xc80a38405f929b92bd889f3e5d438c342e498aca,0xc80a…8aca,50,2030.139738,1478227.339738,1634.63486,403.431056,4.1464914784,4.1330333731,0.0,0,,0.0,True,1747.0,2.0,2123.41565994,3131.6287699100003,-1008.2131099700005,0.0,,,,,0.0,0.0,0.0,,,,0.9988558356151636,True,0.0,0.0,NEUTRAL,49.85514943721729,30.314196000000003,2298.942,0.0,SCALPER,134.3846153846154,13.0,0.0,0.0,14.0,0.0,0.0
0x7ca6cf3d025d00d8b1f42c2d1131061da148d415,0x7ca6…d415,51,443.312566,172864.422566,264.183109,167.484378,73.0925639614,1.4748166685,7915.02,1,BTC,40.0,True,315.0,20.0,-937.3011613,77.39542583,-1014.69658713,0.4444444444444444,60.0,75.0,6.973514733333333,-18.949011083333332,0.29441176439933214,9.0,0.06666666666666667,FARTCOIN,hyna:FARTCOIN,hyna:ETH,0.10836986646510455,False,0.8158730158730159,0.08888888888888889,LONG,374.16150148488424,119.2854,7603.21518,58.67810305555555,SWING,3.5,90.0,-3.615931512715295,-17.447543309230063,1.0,-38.376653000000005,-0.03782081608113588
0xbe10fd36393c8b677281d0bc2cf1bb8c98ad4b34,0xbe10…4b34,52,262976.194315,944609.634315,172688.849444,32120.161736,6.8689808141,1.1915857135,3658487.09,1,HYPE,5.0,True,2000.0,8.0,-303041.49747872003,2961.03234518,-306002.5298239,0.2235142118863049,173.0,601.0,36.074229427745664,-461.49998848419307,0.022500750272578175,0.0,0.0,ZEC,SOL,PUMP,0.20914700000000003,False,0.7975,0.132,LONG,4625.5982808935,1099.2970500000001,580361.44881,25.0021325,SWING,90.9090909090909,22.0,-11.627318445148223,-0.0,10.0,-11635.087049,-0.03802284594083526
0xffe4e3986d18333402564ea64f3a83fcc1907b52,0xffe4…7b52,53,201985.34573,350877.76573,145609.164999,16334.030886,11.3906032111,1.3424304688,24513323.45,1,HYPE,10.0,True,2000.0,7.0,63642.386740999995,2168.11201188,61474.27472911999,0.9509151414309485,1143.0,59.0,54.65515487314085,-12.291120000000001,86.14575651750674,0.0,0.0,HYPE,ETH,SOL,0.8569835000000002,True,0.6905,0.3015,LONG,3577.129630891923,1068.29236,195002.82932,0.18068777777777778,SCALPER,37.03703703703704,54.0,7.84220496565188,0.0,21.0,-777.9517300000001,-0.012654915140161696
0x5db201ae15f9702f0a0ff9f00b8c1c18355373d0,0x5db2…73d0,54,41673.371024,17267445.171024,172894.830111,15205.606443,101.7754991069,0.7282341691,5073534.45,0,,0.0,True,1869.0,14.0,-17918.557011989993,5122.011667867,-23040.568679856995,0.7455121436114044,706.0,241.0,165.59033985977337,-586.8114160871369,0.826654628558109,12.0,0.012671594508975714,hyna:BTC,hyna:ETH,hyna:HYPE,0.24811653399313685,False,0.6431246655965757,0.32102728731942215,LONG,6793.218188695701,1744.9497,242425.88664,144.0732275,POSITION,21.988235294117647,85.0,-0.6347064910776546,-159.87102384281084,7.0,7156.769589,0.31061601336501476
0x98ab8cf3a98d5cffdf3d9a2cfa48660095566913,0x98ab…6913,55,23225.941256,267571.721256,13379.651534,1283.222544,5.6645731625,1.3588521069,77697.53,0,,0.0,True,320.0,8.0,2928.8506066199993,70.63397130999999,2858.216635309999,0.3383838383838384,67.0,131.0,165.56912808955224,-62.31597934351145,1.3588873134598725,58.0,0.29292929292929293,SOL,VVV,flx:XMR,0.38066406249999996,False,0.896875,0.03125,LONG,910.4035517022461,333.047731,24205.105,12.217396805555556,SWING,6.956521739130435,46.0,0.8424676601404177,-3.174732839757294,6.0,160.70083599999998,0.05622416230271871
0x612ca98c658c7a2de1f239a1d2a9e18c356e724a,0x612c…724a,56,70998.868791,1938379.218791,36332.264357,14990.0191,19.0305577396,1.0480479686,43866873.93,0,,0.0,True,2000.0,6.0,40934.460195,8376.248999,32558.211196,0.6714422158548233,703.0,344.0,111.43608340682788,-108.73577453488373,2.0943548646402403,0.0,0.0,HYPE,BTC,ETH,0.31160899999999997,False,0.9785,0.021,LONG,13582.133503101575,2717.5584,365000.0,5.72205625,INTRADAY,86.95652173913044,23.0,8.388338427350613,-1.116253387175634,16.0,-2457.6247710000002,-0.07548402325315515
0xa4dedda59f2908b92ae192cfd494839373bcb3c4,0xa4de…b3c4,57,3396882.830043,16335356.460043,1411070.769389,182581.948829,64.3217953775,0.7105761906,41596767.19,0,,0.0,True,2000.0,1.0,-98604.12257600001,1667.147611,-100271.270187,0.3968253968253968,325.0,494.0,35.7272124,-223.10823199595146,0.10535131218478089,367.0,0.4481074481074481,HYPE,,,1.0,True,1.0,0.0,LONG,3461.7456606,1036.42752,251506.99987000003,24.299805833333334,SWING,285.7142857142857,7.0,-9.555476512340748,-0.0,17.0,-52962.243770999994,-0.5281896167489305
0xee3fd7b622d5ccbb2b6aa310e9591da4bdab555e,0xee3f…555e,58,60.11283,194550.24283,137.5782,3.097702,23.2931815693,1.375782,120.7,0,,0.0,False,,,,,,,,,,,,,,,,,,,,,,,,,,,,,,,,,
0x36076e4bfad9624d7feba562326fdfa2063ede23,0x3607…de23,59,53237.000719,299525.038477,32936.961661,13554.473103,2995.25038477,1.2966777298,3644678.6,0,,0.0,True,2000.0,22.0,14606.673440999999,216.06904400000002,14390.604397,0.8958579881656805,1514.0,176.0,10.822825242404228,-12.391803948571427,7.513102595970762,95.0,0.05621301775147929,ETH,xyz:SKHX,xyz:NATGAS,0.1575805,False,0.497,0.5055,NEUTRAL,990.0588701579999,298.386295,78207.72984,1.660511111111111,SCALPER,60.60606060606061,33.0,11.301803037077494,-0.07606722272824627,11.0,873.806904,0.060720653552408264
0xd28e005c992b168d0b20fca312958e105bb260ab,0xd28e…60ab,60,663852.691777,1142065.791777,345280.960784,174744.358062,7.6101130028,1.0835004401,45290153.92,3,"BTC,HYPE,ZEC",20.0,True,2000.0,7.0,121971.357479,576.636709,121394.72077,0.6908212560386473,715.0,320.0,171.29629291328672,-1.5796623562499998,242.29238163699836,15.0,0.014492753623188406,KAITO,HYPE,PAXG,0.18553899999999998,False,0.4225,0.5775,NEUTRAL,1584.810540721,420.04,412391.36568,29.65028388888889,SWING,285.7142857142857,7.0,12.365390710710836,-0.005921994543361372,5.0,-17684.334251000004,-0.1456763040338925
0x656c8da58d738295e03550796dd83900aa7c6525,0x656c…6525,61,33883.172925,56130840.462925,10553.601518,690.260505,16.668772419,0.4459112855,0.0,0,,0.0,False,,,,,,,,,,,,,,,,,,,,,,,,,,,,,,,,,
0xb4a9964201c213af0c9c7f62af561813c9a2f1f7,0xb4a9…f1f7,62,395093.641928,4907051.701928,175770.907092,38694.073106,172.715735201,0.8014258404,6801791.67,1,HYPE,10.0,True,2000.0,4.0,-308874.13653521996,2302.36099938,-311176.49753459997,0.7103658536585366,699.0,285.0,141.494601434907,-1421.5498258350874,0.24412378758933745,17.0,0.017276422764227643,HYPE,,,0.639445,True,0.7835,0.0,LONG,3054.3310807246326,1099.770075,109507.25624,0.0,SCALPER,30.76923076923077,65.0,-1.9546358636523788,-0.0,20.0,-3292.69474,-0.010581437756666963
0x493db0ed7514c975e9abcc110bd40c473b6763e3,0x493d…63e3,63,53107247.626027,63416154.746027,15025210.003467,2749223.518872,243.1638550457,0.3925795158,0.0,0,,0.0,False,,,,,,,,,,,,,,,,,,,,,,,,,,,,,,,,,
0x4e14fc11f58b64740e66e4b1aa188a4b007c0eab,0x4e14…0eab,64,60441131.737983,58154952.517983,17193152.367884,3212133.331001,25.4376174926,0.3975481079,0.0,1,ETH,25.0,True,718.0,4.0,-196213.95695000002,5011.49734,-201225.45429000002,0.4218181818181818,116.0,159.0,2406.4758620689654,-2989.7179682389938,0.587235298840722,0.0,0.0,xyz:SILVER,BTC,ETH,0.43090525368363064,False,0.9986072423398329,0.0,LONG,27936.221412910258,8720.09875,1918160.0,109.44569194444445,POSITION,20.514285714285716,35.0,-1.7722296965633437,-1.7028949076701083,3.0,-5930.33846,-0.029471114779809994
0xbdfa4f4492dd7b7cf211209c4791af8d52bf5c50,0xbdfa…5c50,65,41150740.317558,74995299.807558,13292594.407691,2552663.8922229996,6.7522681322,0.3325945415,2875863.64,1,VVV,3.0,True,246.0,14.0,-5160.298898989997,75.78170705,-5236.080606039996,0.4339622641509434,23.0,30.0,364.4007046956522,-672.1275211,0.41565605458734733,37.0,0.6981132075471698,xyz:XYZ100,hyna:BTC,km:USOIL,0.1329896225791526,False,0.5203252032520326,0.3699186991869919,NEUTRAL,7410.870077107543,3022.6582500000004,190393.911168,3.4442918055555554,INTRADAY,2.8275862068965516,87.0,-1.1447988447589061,-2.701279074166474,4.0,-9381.572013,-1.7917164992032475
0x13c50dcdee4bbcba71baf578b345cdd35c7928be,0x13c5…28be,66,38619686.459534,50207681.639534,10791315.606427,2105009.263906,42.7881998791,0.3877810765,50823.55,0,,0.0,True,336.0,6.0,118266.97822378999,669.7434705744,117597.2347532156,0.0,,,,,0.0,0.0,0.0,,,,0.2456065759637188,False,0.0,0.0,NEUTRAL,4816.175321117501,999.9455399999999,140801.528439,0.0,SCALPER,6.222222222222222,54.0,0.0,0.0,19.0,0.0,0.0
0xab3067c58811ade7aa17b58808db3b4c2e86f603,0xab30…f603,67,179.999999,162416.78,126.666666,66.0,1624.1678,1.26666666,0.0,0,,0.0,False,,,,,,,,,,,,,,,,,,,,,,,,,,,,,,,,,
0x6a9edc73adbcfd02f58ee95b3cbf742973f641c2,0x6a9e…41c2,68,374865.674967,3577635.294967,172721.535185,-22348.63565,33.7147750387,0.7654245624,9284195.21,0,,0.0,True,2000.0,5.0,46925.961404919995,2361.87060501,44564.090799909995,0.7540029112081513,518.0,169.0,111.56008676254827,-55.62055769620253,6.147755108421092,54.0,0.07860262008733625,HYPE,xyz:GOLD,xyz:SILVER,0.5616155000000002,True,0.736,0.0,LONG,3074.012262269679,947.54746,244443.65019000004,10.7528175,INTRADAY,42.5531914893617,47.0,2.3363514144992803,0.0,21.0,-7236.326954999999,-0.16238022194799526
0x4c8e087a21c3e33237347577487ee325c949f8b9,0x4c8e…f8b9,69,7.462988,174404.702988,657.985629,0.299153,4.2315326623,6.57985629,0.0,0,,0.0,False,,,,,,,,,,,,,,,,,,,,,,,,,,,,,,,,,
0x03b9a189e2480d1e4c3007080b29f362282130fa,0x03b9…30fa,70,40946993.783622995,46595145.963622995,10753616.179502,1932744.6095130001,12.5062423163,0.3475217333,29658367.75,0,,0.0,False,,,,,,,,,,,,,,,,,,,,,,,,,,,,,,,,,
0x0e8bf301805df4e6ba7151297e5f7dfedc1eaab9,0x0e8b…aab9,71,26869996.830174,32013209.980174,7626239.333538,1361516.901376,11.724231736,0.3962967905,0.0,0,,0.0,True,36.0,2.0,-16603.53957035,16.970253020000005,-16620.50982337,0.0,,,,,0.0,0.0,0.0,,,,0.9459876543209875,True,0.0,0.0,NEUTRAL,1855.3512837674195,330.9735300000001,11075.40321,0.0,SCALPER,0.9473684210526315,38.0,0.0,0.0,18.0,0.0,0.0
0x51156f7002c4f74f4956c9e0f2b7bfb6e9dbfac2,0x5115…fac2,72,245803.560081,71769074.260081,52146.057771,0.0,5.9547598881,0.2692694946,0.0,0,,0.0,False,,,,,,,,,,,,,,,,,,,,,,,,,,,,,,,,,
0x99967871e6c4f9a5185abc57edede9e9540191f6,0x9996…91f6,73,4344167.362337,26225080.322337,1297851.061073,378045.786164,7.247142955,0.4260394958,1715898.13,1,LIT,2.0,True,245.0,4.0,-20422.69666667,424.35791292999994,-20847.0545796,0.0,,,,,0.0,0.0,0.0,,,,0.4832486463973345,False,0.0,0.3551020408163265,NEUTRAL,3976.824830326531,957.2542,145603.12242,0.0,SCALPER,2.9518072289156625,83.0,0.0,0.0,20.0,31650.629077999994,1.5182302592027503
0xbee95bb47bc4e28bb1fd489a2d0f873fe59172ad,0xbee9…72ad,74,24057928.503213,29405382.073213,6808238.630194,1249187.1111,185.4669976556,0.3946875961,0.0,0,,0.0,False,,,,,,,,,,,,,,,,,,,,,,,,,,,,,,,,,
0x8a3cf3c4b300be69429cce5beb2ef14d7200b6b7,0x8a3c…b6b7,75,973594.066618,1662647.136618,468211.422564,93723.751045,6.3440531712,0.8430414319,623783.65,1,HYPE,10.0,True,1359.0,16.0,-178556.78006231,1445.45003846,-180002.23010077,0.15025906735751296,29.0,164.0,651.810259137931,-175.26449174390245,0.6576296775358338,7.0,0.03626943005181347,SUI,SOL,BTC,0.4348699239420406,False,0.7844002943340692,0.06548933038999265,LONG,2387.2356900367736,1199.27872,32000.0,217.20792152777778,POSITION,21.571428571428573,63.0,-1.6123068977677868,-19.941167004134208,5.0,-8912.165898,-0.049511419347475494
0x0e7c86423131a9e07dc116a2fa8ce3b283b9fd4f,0x0e7c…fd4f,76,456.088545,1103651.468545,262.001093,79.548616,11.0148559802,0.8908951783,0.0,0,,0.0,False,,,,,,,,,,,,,,,,,,,,,,,,,,,,,,,,,
0xab961d7c42bbcd454a54b342bd191a8f090219e6,0xab96…19e6,77,0.273639,2044500.76,2044502.677714,0.047692,4.9763319703,0.8161689532,18006483.03,0,,0.0,True,1866.0,1.0,2037588.9658739998,582.6121680000001,2037006.3537059997,1.0,998.0,0.0,2041.67231049499,,,19.0,0.01903807615230461,xyz:CL,,,1.0,True,0.0,1.0,SHORT,9649.781079799572,1340.559255,410631.4287,23.118668055555553,SWING,933.0,2.0,0.0,0.0,2.0,7495.708431000002,0.003679766838901993
0x8463d6ffcbfb56bf20ab2e1111f9a0e8359533f2,0x8463…33f2,78,297404.884162,5404053.854162,137465.001926,8206.830777,34.361392871,0.6399189113,23646159.41,3,"BTC,HYPE,XPL",40.0,True,2000.0,17.0,98657.44991558,3765.444849384,94892.005066196,0.5114885114885115,512.0,489.0,355.12777183203127,-238.42718151533742,1.5595164976585345,42.0,0.04195804195804196,ETH,XPL,BTC,0.114012,False,0.7565,0.187,LONG,7304.093209882319,1176.79339,463730.0,38.783315,SWING,68.96551724137932,29.0,3.1853374100792675,-1.4842588790365738,3.0,-13152.069839,-0.13860039978947866
0x9033de302ee6d0ba067ea75fa2ef8b011ce13336,0x9033…3336,79,129.12663,85266.11663,129.012975,30.863257,10.772056041,1.29012975,0.0,0,,0.0,False,,,,,,,,,,,,,,,,,,,,,,,,,,,,,,,,,
0x1da722cfa8b0dfda57cf8d787689039c7a63f049,0x1da7…f049,80,13938857.360072,25057606.210072,3968461.850441,725875.36439,89.2710800501,0.3980245163,0.0,0,,0.0,False,,,,,,,,,,,,,,,,,,,,,,,,,,,,,,,,,
0x38aab937cf5749a59e71838f6061f045f3cc557c,0x38aa…557c,81,179.999999,98439.59,126.666666,66.0,984.3959,1.26666666,0.0,0,,0.0,False,,,,,,,,,,,,,,,,,,,,,,,,,,,,,,,,,
0x0f991873aab3e14191978946d48f30f624ae9867,0x0f99…9867,82,15961869.587454,24917797.127454,4534158.243624,654555.353464,67.7728431032,0.3967687061,0.0,0,,0.0,True,1175.0,3.0,-218971.03695597002,637.40860236,-219608.44555833002,0.2349799732977303,176.0,573.0,495.0257680738636,-538.2161320541011,0.282506953177905,4.0,0.0053404539385847796,HYPE,,,0.9814373924852876,True,0.9906382978723405,0.0,LONG,2185.9330573129023,253.84456,238687.6059,0.0,SCALPER,20.982142857142858,56.0,-2.8392135541678236,-259.018294135471,18.0,-100139.72276900001,-0.45599212960323965
0x9794bbbc222b6b93c1417d01aa1ff06d42e5333b,0x9794…333b,83,1733.580652,144134920.430652,178.379717,84.839505,7.586640884,0.1146988231,0.0,0,,0.0,False,,,,,,,,,,,,,,,,,,,,,,,,,,,,,,,,,
0xbbbc35dfac3a00a03a8fde3540eca4f0e15c5e64,0xbbbc…5e64,84,8920770.925314,21398719.325314,2527214.688493,450516.666029,11.4697156596,0.3952752732,0.0,0,,0.0,False,,,,,,,,,,,,,,,,,,,,,,,,,,,,,,,,,
0x28736f43f1e871e6aa8b1148d38d4994275d72c4,0x2873…72c4,85,5035.232728,159090.192728,2707.073972,765.050608,31.4829229671,1.1627531692,212770.97,1,BTC,20.0,True,771.0,10.0,2205.4357642500004,232.59541076,1972.8403534900003,0.7347480106100795,277.0,100.0,17.05628519133574,-25.450261119999997,1.8564017774604273,0.0,0.0,HYPE,BTC,xyz:BRENTOIL,0.4590649029928958,False,0.8612191958495461,0.13488975356679636,LONG,733.1405123260274,466.28126,7731.0,18.891098055555556,SWING,10.41891891891892,74.0,2.8869463468441263,-0.8633100825288664,15.0,-54.428042000000005,-0.027588670266053477
0x807a2e2e469df84b299da5f90f15dda4380daca1,0x807a…aca1,86,13330382.844949,23924895.034949,3553951.719268,595021.155243,7.1439545054,0.3635186833,653503.06,0,,0.0,True,340.0,1.0,499.6,77.318455,422.28154500000005,1.0,29.0,0.0,17.227586206896554,,,4.0,0.13793103448275862,LIT,,,1.0,True,1.0,0.0,LONG,2165.788088235294,1279.4778000000001,6892.893,323.2142694444444,POSITION,24.285714285714285,14.0,0.0,0.0,14.0,-2962.0591360000003,-7.014417681928297
0x17a4ce9320bec0ac79420f0af19848044a469d8d,0x17a4…9d8d,87,13331103.011437,19205253.991437,3686379.399489,711351.796597,26.4590718906,0.3822172151,0.0,0,,0.0,False,,,,,,,,,,,,,,,,,,,,,,,,,,,,,,,,,
0x9ff588d01f8948c25b3dd8a36fc583b019fd4a61,0x9ff5…4a61,88,2358520.630662,17076390.110662,664334.072982,121540.384146,17.6491999062,0.39212569,0.0,0,,0.0,False,,,,,,,,,,,,,,,,,,,,,,,,,,,,,,,,,
0x5bca4075dfc8065235cf75c6b15b410e62845fec,0x5bca…5fec,89,3388.185823,1427029.225823,3858.706872,-516.242968,23.8460083561,0.7581375139,2040672.34,0,,0.0,True,2000.0,15.0,-4531.367639960001,2759.2384976,-7290.60613756,0.28746928746928746,234.0,580.0,81.66589082478633,-40.626899694827586,0.8109888546133578,2.0,0.002457002457002457,BTC,SOL,xyz:SILVER,0.19379900000000003,False,0.879,0.1175,LONG,3227.4406020297724,583.33071,145198.5,64.38995125,SWING,26.666666666666668,75.0,-1.7172510666252323,-4.497981922711058,4.0,-220.70260800000003,-0.03027218914802935
0x6891ed9ee6a9d0649ffac2bcee814e6899a0e075,0x6891…e075,90,757665.056716,6254135.856716,284346.296169,25767.49554,21.0779622133,0.5233507782,1073325.33,2,"HYPE,ZEC",10.0,True,299.0,4.0,30144.139306800033,531.3880987,29612.75120810003,0.30313588850174217,87.0,200.0,1961.9842097816097,-647.858767155,1.3173598545295435,0.0,0.0,HYPE,BTC,ZEC,0.31000771803447386,False,0.6287625418060201,0.3311036789297659,LONG,6560.09101187291,606.46,295050.5208,0.0,SCALPER,4.333333333333333,69.0,-0.6111263351778663,-0.0,12.0,-5345.0605479999995,-0.18049861393959082
0x33631426077c380edb2fee05effae4e8f481b648,0x3363…b648,91,8009799.120554,13807623.030554,2306865.386532,463830.048263,63.167136756,0.3969863575,0.0,0,,0.0,False,,,,,,,,,,,,,,,,,,,,,,,,,,,,,,,,,
0x8b1d4deaf209133cc001665558781a0314cc427e,0x8b1d…427e,92,36365.095637,101150.665637,19850.832528,-1106.236699,20.2839806823,1.1655525724,3167294.55,1,BTC,40.0,True,1303.0,6.0,-10494.31192825,5643.217085939999,-16137.529014189999,0.433931484502447,266.0,347.0,53.6445859962406,-75.75994271757926,0.5427982292101099,0.0,0.0,ETH,xyz:GOLD,BTC,0.630565040001555,True,0.6431312356101304,0.306216423637759,LONG,8723.374606083615,1778.08425,199122.0795,23.726294444444445,SWING,18.35211267605634,71.0,-2.509906073748051,-2.8141353520472325,14.0,-129.899541,-0.008049531058055863
0xb2ee477ced8d69afdb5707b31170c782f5f26f5b,0xb2ee…6f5b,93,415779.450124,13905290.020124,117086.328952,23719.554489,8.6139007924,0.3919953981,0.0,1,TAO,5.0,False,,,,,,,,,,,,,,,,,,,,,,,,,,,,,,,,,
0xb82359e0fdf3095dd8471df3f3c26aba5b369763,0xb823…9763,94,40697.271477,13644565.141477,11516.931078,2113.265892,23.264647546,0.3946811765,0.0,0,,0.0,True,346.0,5.0,1224.30043519,142.81715258,1081.4832826099998,0.0,,,,,0.0,0.0,0.0,,,,0.8425941394633968,True,0.0,0.0,NEUTRAL,1159.3093863599827,433.92530999999997,40649.75984,0.0,SCALPER,5.580645161290323,62.0,0.0,0.0,18.0,0.0,0.0
0x8196e0648cb16e9151c2920618a58605706b5836,0x8196…5836,95,16660637.373495,29676955.573495,3549457.640865,495870.951459,14.8384832887,0.2707199286,0.0,0,,0.0,False,,,,,,,,,,,,,,,,,,,,,,,,,,,,,,,,,
0x6dbde1a1e0f199b0252e593a422b9340af03075a,0x6dbd…075a,96,12980892.588504,15459076.068504,3462016.785033,604077.263086,105.9101715208,0.3636963531,2120020.17,0,,0.0,True,887.0,8.0,-74770.34027682002,654.4678816200001,-75424.80815844002,0.6449704142011834,218.0,120.0,50.64535706422019,-37.15398666666667,2.476335388324412,0.0,0.0,xyz:GOLD,xyz:CL,xyz:XYZ100,0.27418340071863534,False,0.5467869222096956,0.02142051860202931,NEUTRAL,6370.7775349601625,1849.815,266025.74058000004,3.7295655555555554,INTRADAY,11.986486486486486,74.0,1.5555614298454574,0.0,8.0,-350.94683799999984,-0.004652936435221532
0x900b3d773c160c726bc062b78c8718f49cd31181,0x900b…1181,97,3522.897509,112032.377509,1925.690439,1482.604382,14.3499711814,1.1346847947,1204842.84,0,,0.0,True,702.0,9.0,149.78703499999983,1034.2994999999999,-884.512465,0.5737327188940092,249.0,185.0,18.06769718072289,-23.508484124324326,1.0344411678935475,3.0,0.0069124423963133645,xyz:CL,xyz:XYZ100,xyz:JPY,0.30223374810269393,False,0.20797720797720798,0.7905982905982906,SHORT,4446.868657360771,737.52345,56557.3095,1.4348836111111112,SCALPER,9.616438356164384,73.0,0.26212321029474744,-65.9827431277264,19.0,29.395045999999986,0.03323304889773372
0xfae95f601f3a25ace60d19dbb929f2a5c57e3571,0xfae9…3571,98,7545517.249916,150877304.039916,0.0,114293.031173,35.0914977724,0.0,0.0,0,,0.0,False,,,,,,,,,,,,,,,,,,,,,,,,,,,,,,,,,
0x56498e5f90c14060499b62b6f459b3e3fb9280c5,0x5649…80c5,99,2396.030321,38667804.440321,407.727141,0.0,8.5923664163,0.2050628622,0.0,0,,0.0,False,,,,,,,,,,,,,,,,,,,,,,,,,,,,,,,,,
0x6d8db35bc58c9cc930b0a65282e96c69d9715e06,0x6d8d…5e06,100,6032145.953196,10870873.573196,1727867.493239,325255.43458,11.7953359838,0.4014302302,0.0,0,,0.0,False,,,,,,,,,,,,,,,,,,,,,,,,,,,,,,,,,
0xa69e24a291687a7cc0bb1d8bc09ba74e667d4d9e,0xa69e…4d9e,101,8171266.6272,16053816.3272,2054243.845919,273494.476578,11.2486146595,0.3358241287,0.0,0,,0.0,False,,,,,,,,,,,,,,,,,,,,,,,,,,,,,,,,,
0x2ed8e7d874453b1136d54d84022200ec48172116,0x2ed8…2116,102,3009642.3186740004,11178705.668674,847509.447165,244512.970157,13.1955057118,0.3919603018,0.0,0,,0.0,True,85.0,1.0,-62659.96065195001,106.87448101999999,-62766.83513297001,0.0,,,,,0.0,0.0,0.0,,,,1.0,True,0.0,0.0,NEUTRAL,3929.2088749411764,2567.77911,20189.8413,0.0,SCALPER,85.0,1.0,0.0,0.0,11.0,0.0,0.0
0x580809c0dfe56287e933f99e347cd5385a645ee3,0x5808…5ee3,103,1401.166307,17769666.946307,903.087393,12.303471,8.1221596523,0.3173260543,4332.22,0,,0.0,True,2000.0,1.0,-5559.43258906,2048.53140497,-7607.96399403,0.0,,,,,0.0,0.0,0.0,,,,1.0,True,0.0,0.0,NEUTRAL,1482.00526483,999.98888,7248.959999999999,0.0,SCALPER,2000.0,1.0,0.0,0.0,23.0,0.0,0.0
0x77375a8c9d13bf79afb2a87f1b0ac1dfd5f5bf66,0x7737…bf66,104,16591972.444687001,28546059.304687,3672981.0814659996,660179.438117,8.7895830551,0.2397633809,221959565.44,5,"ETH,ZRO,ENA,FARTCOIN,TRUMP",15.0,True,2000.0,47.0,-450128.53517199995,2892.3577000699997,-453020.89287206996,0.017180394138453764,34.0,1945.0,62.29467967647059,-232.5175086277635,0.004683328350322786,103.0,0.052046488125315815,TIA,SOL,xyz:GOLD,0.23516550000000008,False,0.6085,0.3855,LONG,6704.7826954905,299.91207299999996,504268.4875,140.2715675,POSITION,28.169014084507044,71.0,-5.4867601744011845,-0.0,4.0,-50658.212265,-0.11182312573673184
0xf517639a8872e756ac98d3c65507d2ebc25cc032,0xf517…c032,105,4214884.967255999,25671074.117256,877364.349032,117789.588044,34.5588784072,0.2495365188,1000196402.07,30,"BTC,ETH,SOL,SUI,kPEPE,CRV,LINK,STX,XRP,AAVE,WLD,DOT,ADA,TON,GMT,TAO,PURR,HYPE,FARTCOIN,TRUMP,IP,PUMP,XPL,WLFI,SKY,ASTER,ZEC,MON,XMR,AXS",40.0,True,2000.0,6.0,-65109.17313500001,3009.2976390000003,-68118.47077400002,0.6951631046119235,618.0,271.0,47.773026893203884,-349.1989068450185,0.31198166228139323,193.0,0.2170978627671541,ETH,SOL,PAXG,0.6808309999999999,True,0.8985,0.1015,LONG,30400.44775418,4823.151215,4755555.84285,0.06794583333333333,SCALPER,2000.0,1.0,0.0,0.0,1.0,20660.415745,0.30330122667530324
0xc6758a779bccee1ef0190dbe8292fdf44076795d,0xc675…795d,106,1494855.940628,2031825.650628,624595.652103,164051.580194,5.6707867424,0.6466404615,19301842.17,2,"BTC,TRUMP",12.0,True,2000.0,18.0,50031.887402,6553.834988679999,43478.05241332,0.6386292834890965,615.0,348.0,122.33447084552846,-72.42474760919539,2.9850920594275396,11.0,0.01142263759086189,BTC,ENA,FARTCOIN,0.11076200000000001,False,0.7275,0.265,LONG,8208.156089213,1293.23931,600445.82094,25.178336944444446,SWING,83.33333333333333,24.0,6.580968777034322,-0.32613582527574203,16.0,-3560.2644910000017,-0.08188647589718792
0x0e7bfd73a9163e45913deec0b0992447b51dc995,0x0e7b…c995,107,2435731.557735,9200131.437735,697741.856904,131346.00344,17.3077187222,0.4014648974,0.0,0,,0.0,False,,,,,,,,,,,,,,,,,,,,,,,,,,,,,,,,,
0x8bff50aad8b4e06c5e148eaeb9d7aef69e26cdc3,0x8bff…cdc3,108,23.615023,28681092.575023,22.213455,5.316058,16.7044390205,0.22213455,0.0,0,,0.0,False,,,,,,,,,,,,,,,,,,,,,,,,,,,,,,,,,
0x0871deb34bfd2052b1c10dc4f6c0912a2a47e927,0x0871…e927,109,3070085.7452,8544042.6352,884207.391387,155586.780662,6.7504402671,0.4042333872,71902.67,0,,0.0,True,2000.0,5.0,-85625.54358722002,803.0006459,-86428.54423312002,0.2109300095877277,220.0,823.0,13.37426900909091,-45.04479480267966,0.0793685209228204,0.0,0.0,CRV,TAO,HYPE,0.36512100000000003,False,0.9605,0.0,LONG,1707.5890734549998,873.15036,37416.47028,0.4372830555555556,SCALPER,500.0,4.0,0.0,0.0,14.0,-3229.7280179999993,-0.03736876568565811
0x136bcdfa5ed1c6a350a6a627a757e0e3abfd17dd,0x136b…17dd,110,711.827354,62904.377354,383.639556,69.695883,31.9657179356,1.1694795303,62384.0,1,HYPE,10.0,True,1798.0,34.0,-1195.4174885799998,112.89575117000001,-1308.3132397499999,0.7052280311457174,634.0,265.0,2.6412606940063093,-10.582157396226414,0.5971458735715736,14.0,0.01557285873192436,xyz:GOLD,xyz:TSLA,xyz:PLTR,0.5362570697140933,True,0.5489432703003337,0.4933259176863181,NEUTRAL,375.33086678840374,151.94965000000002,17420.48,3.3968233333333333,INTRADAY,19.977777777777778,90.0,-1.7798642107410758,-131.74002523574316,3.0,-177.85843,-0.1359448369061726
0x156115e100141e9330620c253225cc5ee598a31a,0x1561…a31a,111,22224827.241355,19480914.061355,4702260.397389,816186.384296,5.0862262918,0.2683545418,0.0,0,,0.0,True,504.0,1.0,-467269.48789631994,446.76978536,-467716.25768167997,0.0,,,,,0.0,0.0,0.0,,,,1.0,True,0.0,0.0,NEUTRAL,4176.778083630952,1376.807,105144.73,0.0,SCALPER,36.0,14.0,0.0,0.0,14.0,0.0,0.0
0x2ea18c23f72a4b6172c55b411823cdc5335923f4,0x2ea1…23f4,112,2.448545,106341324.52,0.147719,0.155607,6.7335227018,0.00147719,0.0,0,,0.0,False,,,,,,,,,,,,,,,,,,,,,,,,,,,,,,,,,
0x9e0978861d184c767786bff6ddc67a40e56ce48a,0x9e09…e48a,113,439.541278,2334347.391278,164.711747,60.041543,8.8627207047,0.5993233202,1392.58,1,BTC,40.0,False,,,,,,,,,,,,,,,,,,,,,,,,,,,,,,,,,
0xcbd6b0dee49eea88a3343ff4e5a2423586b4c1d6,0xcbd6…c1d6,114,4493517.989348,7695970.409348,1287286.083882,190458.70212,55.3511332783,0.4014950016,501.52,0,,0.0,True,1180.0,16.0,-10461.47062417,38.71976966,-10500.19039383,0.535483870967742,166.0,144.0,38.07186927710843,-41.56328815972222,1.0559415966430226,5.0,0.016129032258064516,hyna:LIGHTER,hyna:DOGE,hyna:SUI,0.2797342717609882,False,0.1,0.46779661016949153,NEUTRAL,263.9623953068,196.62767,5118.5153496,479.30238833333334,POSITION,17.352941176470587,68.0,2.5367567191107314,-26.204621038586378,5.0,676.672867,0.06444386640813853
0xdc5289909be4f3ce2604806bdd1448fd307f19f5,0xdc52…19f5,115,118935.026925,118062.446925,62358.611625,33285.839594,26.7529060099,1.0551339443,4938862.98,2,"BTC,HYPE",12.0,True,2000.0,20.0,99317.24169403,1306.83725634,98010.40443769,0.8098495212038304,592.0,139.0,197.0249634189189,-124.63900841726618,6.732466122854293,1.0,0.0013679890560875513,BTC,SOL,ETH,0.11638699999999998,False,0.4125,0.57,NEUTRAL,2827.7066506405445,621.398645,131661.936,151.01756138888888,POSITION,22.22222222222222,90.0,5.401398987226956,-0.4300129024752756,15.0,1173.437766,0.011972583653055036
0xbde2ddc49a2e6827300faa6afc93d572114a60b1,0xbde2…60b1,116,1.008358,97508580.878358,0.0,0.0,43.328061619,0.0,0.0,0,,0.0,False,,,,,,,,,,,,,,,,,,,,,,,,,,,,,,,,,
0x9ab1c356e6af86361446497fce954b3cdf940206,0x9ab1…0206,117,99160.397241,12464113.507241,23884.899484,418.930836,8.9368146225,0.3172997881,0.0,0,,0.0,False,,,,,,,,,,,,,,,,,,,,,,,,,,,,,,,,,
0xfc84a4bba95d3a13f91a9c0d735c0af04a18f4d0,0xfc84…f4d0,118,10460753.067518,10093822.597518,2674898.551466,533748.859997,7.5275454894,0.3435587636,0.0,2,"BTC,HYPE",5.0,True,607.0,5.0,32560.615585,200.45251168,32360.16307332,0.8430232558139535,145.0,27.0,408.42530175172413,-987.4464136666667,2.221280171439727,19.0,0.11046511627906977,ZRO,BTC,HYPE,0.43842974197243045,False,0.4612850082372323,0.0,NEUTRAL,6304.481250897858,1429.788,225000.0,41.98260055555556,SWING,11.036363636363637,55.0,1.7184993391187176,0.0,23.0,-131.222117,-0.004055051165925328
0x1064aa646a7aedbd40816fc0c35e044d0244a764,0x1064…a764,119,586.786583,423076.776583,847.831106,-16.647227,13.5855981795,0.8402807824,23026.68,1,BTC,20.0,True,229.0,10.0,799.3363098099994,178.75781533,620.5784944799994,0.2871287128712871,29.0,72.0,204.90391331034488,-77.26178250000001,1.068196205039809,1.0,0.009900990099009901,HYPE,PUMP,xyz:AAPL,0.36442859594592025,False,0.7816593886462883,0.13973799126637554,LONG,1839.0588291218787,923.11076,20667.44856,24.957580833333335,SWING,3.0945945945945947,74.0,0.2697331531799576,-1.124041644211732,0.0,-67.12190899999999,-0.10816022404424981
0x90ee80619c9758baf30466bf69015c4c5447b85f,0x90ee…b85f,120,407666.338007,6841632.158007,115166.809946,19094.546943,46.3896991566,0.3937333189,0.0,0,,0.0,False,,,,,,,,,,,,,,,,,,,,,,,,,,,,,,,,,
0xcb58b8f5ec6d47985f0728465c25a08ef9ad2c7b,0xcb58…2c7b,121,3878240.710277,7641424.250277,1060168.386086,172496.553834,58.2882821845,0.3762033987,118877616.68,1,BTC,31.0,True,2000.0,7.0,-109682.00398000001,3433.700282,-113115.70426200001,0.34297520661157027,83.0,159.0,76.57181831325302,-794.7771568493152,0.05029265371126207,0.0,0.0,BTC,HYPE,ETH,0.2591515,False,1.0,0.0,LONG,7932.6386192625,720.50645,524501.443,8.603999722222222,INTRADAY,400.0,5.0,-7.332794426813251,-0.0,22.0,-36862.129504000004,-0.3258798567758503
0xa6e2dc44418f5ad213c86db4dbb203a59d13c49f,0xa6e2…c49f,122,2291472.483387,4878290.843387,801186.929564,-325366.12418,40.4185561321,0.445773455,192752920.51,6,"BTC,ETH,SOL,HYPE,VVV,SKY",25.0,True,2000.0,35.0,141585.27537499997,862.011023,140723.26435199997,0.7851890756302521,1495.0,409.0,122.09204777324413,-100.10351111491441,4.45816309103429,0.0,0.0,IP,ETH,SOL,0.080239,False,0.831,0.169,LONG,1867.5629957004999,470.58088699999996,124537.10544,34.49229694444445,SWING,250.0,8.0,8.485028102198994,-0.16042653377112706,14.0,26541.097126,0.18860489946858455
0x071d9fe61ce306aef04b7889780f889f444d7bf7,0x071d…7bf7,123,5044482.32823,8752175.068230001,1524353.684238,261725.83906,9.5667556839,0.3517379048,1156365.01,0,,0.0,True,2000.0,4.0,-18954.28872206,343.30077848,-19297.589500539998,0.18985695708712613,146.0,623.0,0.04905133561643836,-17.093346589660744,0.0006724942073052632,8.0,0.010403120936280884,xyz:TSLA,flx:XMR,,0.9606565,True,0.5795,0.4355,NEUTRAL,726.7419192799999,410.688175,16098.6938,0.6635291666666667,SCALPER,1000.0,2.0,0.0,0.0,12.0,-484.40045100000003,-0.025101604062333548
0x80fb5880f38185661962e475ac1557817dc9faea,0x80fb…faea,124,2899226.882506,3570931.9725059997,1045110.115433,97530.834306,13.6324536394,0.4916849391,14811878.64,2,"TAO,HYPE",5.0,True,2000.0,8.0,-167356.50913744,1448.51787838,-168805.02701582,0.27927927927927926,403.0,1040.0,38.441318908188585,-171.65987093846155,0.08677631525345349,0.0,0.0,xyz:TSLA,SYRUP,PENGU,0.40348150000000005,False,0.562,0.426,NEUTRAL,2143.1042171672884,266.242045,109562.62716,1.4546233333333334,SCALPER,2000.0,1.0,0.0,0.0,23.0,-20135.469628,-0.11928240517453874
0x9a1500b41519868039b1f95c447ba50b76d837e6,0x9a15…37e6,125,6279224.3162,6315353.6062,1794779.282358,337601.624426,109.7934510962,0.400223276,0.0,0,,0.0,False,,,,,,,,,,,,,,,,,,,,,,,,,,,,,,,,,
0xd1241baafd0b19ed5a217be28bc6d07c8f937bc1,0xd124…7bc1,126,17.96009,463035.67009,80.046924,0.125733,18.3333920721,0.80046924,158.85,0,,0.0,False,,,,,,,,,,,,,,,,,,,,,,,,,,,,,,,,,
0x5a106f5cf9fba6af5dda6bde1b8f3bacbd532c37,0x5a10…2c37,127,6055152.998086,6146684.888086,1712253.30243,337043.654715,79.7174607889,0.3942649894,0.0,0,,0.0,True,61.0,2.0,-21307.384460769998,84.73190796,-21392.116368729996,0.8,20.0,5.0,5.451837,-21.469088,1.0157556762541569,0.0,0.0,BTC,,,0.5302338081160979,True,0.6229508196721312,0.0,LONG,4170.847456885245,1938.26734,32339.883240000003,0.016630833333333334,SCALPER,6.777777777777778,9.0,0.0,0.0,20.0,0.0,0.0
0xcb6eeb25417d2cd5dfeb52b54f72c49f7490bea9,0xcb6e…bea9,128,22.033549,502466.223549,1317.923142,51.514617,10.6147633122,0.7864221815,116492.35,0,,0.0,True,270.0,8.0,1277.35653703,147.48037595,1129.87616108,0.5060240963855421,42.0,41.0,53.34853202380952,-22.38679173170732,2.441158893451656,1.0,0.012048192771084338,HYPE,ETH,BTC,0.4232921810699588,False,0.4666666666666667,0.3888888888888889,NEUTRAL,831.1089386993647,106.174,11035.17984,139.49610083333334,POSITION,3.0681818181818183,88.0,1.5639770981505288,-1.58137952818483,14.0,0.6206539999999992,0.0005493115275631116
0xbd9c944dcfb31cd24c81ebf1c974d950f44e42b8,0xbd9c…42b8,129,569429.403481,2100576.5634810003,211529.64035,131715.086109,16.9907720945,0.5596025828,27431635.18,6,"BTC,ETH,SOL,HYPE,VVV,SKY",40.0,True,2000.0,33.0,7023.062951130003,2075.4286369499996,4947.6343141800035,0.27386150966936995,439.0,1164.0,114.51829950797267,-37.761939152061856,1.1437527264853056,0.0,0.0,MON,IP,BTC,0.1159655,False,0.922,0.065,LONG,2473.827031643699,268.280309,168702.7062,5.219154166666667,INTRADAY,24.096385542168676,83.0,0.6498515406635529,-0.756585073224192,11.0,1995.2147000000002,0.40326640436656386
0xaac84e8df34f86edeafe037826c0d4a833237013,0xaac8…7013,130,4170349.28273,6383056.19273,1156300.158864,213583.39046,57.917185913,0.3836240716,277198.88,0,,0.0,True,181.0,15.0,-39262.46261499,216.22766097829998,-39478.6902759683,0.0,,,,,0.0,0.0,0.0,,,,0.675895119196606,True,0.0,0.0,NEUTRAL,2570.1836990239535,765.1999999999999,35091.73952,0.0,SCALPER,2.180722891566265,83.0,0.0,0.0,6.0,0.0,0.0
0x11f1381dddb06e6ba37f71242ed60bde7988c74f,0x11f1…c74f,131,194.755962,98648.365962,103.604131,35.637695,6.2644025517,1.03604131,5861.56,1,ETH,5.0,True,128.0,2.0,-5546.812637,36.433552000000006,-5583.246189,0.5,11.0,11.0,56.338346272727264,-560.5940405454546,0.1004975832741825,1.0,0.045454545454545456,ETH,ENA,,0.6671142578125,True,0.984375,0.015625,LONG,658.8834615625,315.40076999999997,14377.525,394.7520016666667,POSITION,1.4222222222222223,90.0,-2.9876441041587256,-15.19262789764067,14.0,-90.93421699999999,-0.016286979639041667
0xb302e616c9167cbdebeaadfa86a2eabc2a413023,0xb302…3023,132,4001.521589,2726932.2015889995,1666.473988,223.26968,24.5789407155,0.5138846404,508.85,0,,0.0,False,,,,,,,,,,,,,,,,,,,,,,,,,,,,,,,,,
0xaf0fdd39e5d92499b0ed9f68693da99c0ec1e92e,0xaf0f…e92e,133,10418491.825410001,18741853.56541,3430910.930026,146184.215127,4.9840755032,0.2247844488,74572635.38999999,3,"BTC,SOL,LIT",30.0,True,2000.0,18.0,527475.77428438,4448.0171019399995,523027.75718244,0.9134993446920052,697.0,66.0,851.1058824404591,-791.9252801818182,11.349800499176618,146.0,0.1913499344692005,HYPE,BTC,ZRO,0.4319884999999999,False,0.4815,0.369,NEUTRAL,10152.114062001558,1506.2616,615000.0,78.14502222222222,POSITION,23.25581395348837,86.0,4.466176947754647,-0.35351782966422063,15.0,9216.938041000001,0.01762227322437305
0xd9225c2b6383f6e532c01c34d7588b1106b9e30b,0xd922…e30b,134,2496.900466,18410403.930466,591934.228323,62.93804,513.3717418749,0.2061380395,3463400.19,0,,0.0,True,2000.0,1.0,-166565.98640627,5148.2965832400005,-171714.28298951001,0.0,,,,,0.0,0.0,0.0,,,,1.0,True,0.0,0.0,NEUTRAL,4891.311240010001,1952.430255,60402.37499999999,0.0,SCALPER,27.77777777777778,72.0,0.0,0.0,16.0,0.0,0.0
0x69906b0ed626ca01a4b7c001e5711e5714ccf207,0x6990…f207,135,5051439.175898,8200610.415898,1293001.784311,41117.932096,23.9989760769,0.332776653,88883176.89,2,"ETHFI,HYPE",10.0,True,2000.0,20.0,10863.696936499997,3673.4003879300003,7190.296548569997,0.6899488926746167,405.0,182.0,153.67240877777778,-65.81321393956044,5.195967599140754,6.0,0.010221465076660987,ETH,BTC,XRP,0.13194150000000002,False,0.5955,0.239,NEUTRAL,6214.864881372936,974.04541,329999.69363999995,20.612130416666666,SWING,333.3333333333333,6.0,17.097710470369815,-0.00335222796027874,20.0,-45205.340006,-6.28699243496298
0x01b7e73cdad95d407e8696e04194a75f19744801,0x01b7…4801,136,256461.084586,513057.837421,111080.235424,19815.77359,8.7359362475,0.7663795617,0.0,1,HYPE,10.0,False,,,,,,,,,,,,,,,,,,,,,,,,,,,,,,,,,
0x6aabd336c0e52f0c20d9db89e0824fc3a3233480,0x6aab…3480,137,4408219.484832,5264457.184832,1257143.263484,235905.783274,7.4897771553,0.3989567929,0.0,0,,0.0,False,,,,,,,,,,,,,,,,,,,,,,,,,,,,,,,,,
0xeb3648865b1471996e5f65ae845f9eb9226b9a02,0xeb36…9a02,138,4097732.039607,7415474.389607,1095744.252011,167508.376293,16.9845752977,0.3435770446,24179983.01,0,,0.0,True,2000.0,9.0,-25475.602316569988,3793.9038168690004,-29269.50613343899,0.2448,153.0,472.0,69.8966875620915,-183.00338366101698,0.12380748663458349,91.0,0.1456,xyz:XYZ100,ETH,kPEPE,0.1649275,False,0.557,0.1855,NEUTRAL,7918.99943319369,1501.16992,588670.77324,21.698014166666667,SWING,35.714285714285715,56.0,-4.948115723674265,-0.0,14.0,-3222.086303,-0.11008338467723316
0x4f2ce56828a20a9eea0c5ca082db2958e47f4fb8,0x4f2c…4fb8,139,5018698.593953,4943098.103953,1429539.245015,266623.534414,65.3318347144,0.3982936131,0.0,0,,0.0,False,,,,,,,,,,,,,,,,,,,,,,,,,,,,,,,,,
0xbd2d67376d2e9abb125a70e817896425f5f22289,0xbd2d…2289,140,10173.655805,139735.835805,1114.333813,92.886866,26.1413929282,0.9533492899,126767.0,1,HYPE,10.0,True,525.0,7.0,-4449.394328870001,288.73244896,-4738.126777830001,0.7073170731707317,145.0,60.0,52.28564620689655,-205.20828840000001,0.6157498769593233,44.0,0.2146341463414634,BERA,ZRO,xyz:COIN,0.5318349206349204,True,0.7885714285714286,0.07238095238095238,LONG,1216.1105331861143,654.7968,14580.434,76.64218833333334,POSITION,7.0,75.0,-1.2581647713515618,-3.9128895276510725,3.0,-309.327631,-0.06528479407671484
0x8e096995c3e4a3f0bc5b3ea1cba94de2aa4d70c9,0x8e09…70c9,141,6743495.845667,59685750.935667,-1715612.93325,-294763.939338,14.2048153129,-0.0929407622,24596157.49,14,"BTC,ETH,kPEPE,LDO,LINK,XRP,AAVE,WLD,kBONK,HBAR,POPCAT,PUMP,LINEA,MET",20.0,True,2000.0,1.0,446559.732384,766.381719,445793.350665,1.0,2000.0,0.0,223.279866192,,,0.0,0.0,BTC,,,1.0,True,0.0,1.0,SHORT,1288.0381678800002,11.48875,20025.59124,0.0,SCALPER,2000.0,1.0,0.0,0.0,5.0,256085.265525,0.5744483742141776
0x4000e1793bef8327e069c2ebc093b32ce06b6633,0x4000…6633,142,2003303.469404,4499082.029404,576005.138556,179087.424805,8.6462877107,0.4035632398,0.0,0,,0.0,True,228.0,3.0,-39293.90162845,257.19502168910003,-39551.0966501391,0.0,0.0,113.0,,-335.39970447787607,,0.0,0.0,TAO,,,0.6341566635887965,True,0.7807017543859649,0.0,LONG,2888.2094953540714,1247.21672,44910.35054,242.26638555555556,POSITION,8.444444444444445,27.0,-11.10127464302429,-0.0,17.0,78.51872499999999,0.0019852477339518683
0x523852be2db1a76a0e088ecbff32e849544054e5,0x5238…54e5,143,4381528.341531,6330544.991531,1133416.695022,209425.371067,1511.2765412845,0.3488926404,102035467.49,0,,0.0,True,2000.0,7.0,8894.760807,1397.00561501,7497.755191990001,0.7640966628308401,664.0,205.0,19.680080343373493,-20.35518312682927,3.131598464969241,0.0,0.0,HYPE,MON,PUMP,0.5496160000000001,True,0.964,0.0,LONG,2192.6776953385,699.34809,207696.6332,27.319462777777776,SWING,333.3333333333333,6.0,0.0,0.0,16.0,-36899.368841,-4.921388855216335
0xabceb0f84c830d6d7b94c6273f2ab27ca597aa25,0xabce…aa25,144,402791.1312599999,5234192.77126,117951.640459,19320.862621,22.9935243644,0.3783368302,6827.47,0,,0.0,True,151.0,7.0,-3615.4298057499996,87.16710588,-3702.5969116299993,0.0,0.0,43.0,,-85.29009837209301,,0.0,0.0,HYPE,,,0.6328231217929039,True,0.7748344370860927,0.0,LONG,1891.3301121920742,499.92724,25190.02587,0.5328852777777778,SCALPER,4.71875,32.0,0.0,0.0,8.0,0.0,0.0
0x757df2c060ec6c7ba898fa6570aa98c1f46294ba,0x757d…94ba,145,4690612.258712,4361809.688711999,1350174.454275,259638.299594,5.4410530969,0.4040992472,0.0,0,,0.0,True,56.0,4.0,8962.190211770001,43.06779303,8919.12241874,0.10344827586206896,3.0,26.0,114.15622400000001,-73.11919950000001,0.18014245355626465,14.0,0.4827586206896552,BTC,PUMP,,0.6868622448979591,True,0.7678571428571429,0.16071428571428573,LONG,2450.4286621487036,576.6980249999999,13815.03891,0.5993291666666667,SCALPER,4.3076923076923075,13.0,0.0,0.0,15.0,0.07051999999999989,7.906607476519222e-06
0xbb10bda01f56b1604f2f024f2d18fcaf5d2b20b0,0xbb10…20b0,146,3017649.440372,5996420.390372,787359.81511,129441.000133,45.7654237022,0.3530144729,34551.68,0,,0.0,False,,,,,,,,,,,,,,,,,,,,,,,,,,,,,,,,,
0xc5c7dde51f65748d65571b64b78e9b40d2ed05fc,0xc5c7…05fc,147,13.879895,82644.689895,102.475037,0.421318,16.6870222203,1.02475037,201.16,0,,0.0,False,,,,,,,,,,,,,,,,,,,,,,,,,,,,,,,,,
0xc171aca4843aa4765e88ebf2b35d0808a623815d,0xc171…815d,148,158048.77156,2078666.47156,53986.116802,-13916.268203,16.9148853448,0.5187847353,5721813.28,0,,0.0,True,1108.0,8.0,120876.47700319,2369.6013310498,118506.8756721402,0.8997050147492626,305.0,34.0,387.4938947803278,-231.96830764705882,14.985013293512207,1.0,0.0029498525073746312,flx:SILVER,xyz:CL,xyz:SILVER,0.23791688931173352,False,0.8032490974729242,0.0,LONG,9052.63504838928,878.1181750000001,289197.29144,47.72659194444444,SWING,13.85,80.0,4.260723545186845,-0.06709709945979712,10.0,-4937.073365,-0.04166064911422399
0xc4d4fc1b01c94be075a51a515f991fa7b949fec4,0xc4d4…fec4,149,3741762.756302,4561406.556302,1065447.218141,194630.79832,55.7460766595,0.393692838,29995.96,0,,0.0,False,,,,,,,,,,,,,,,,,,,,,,,,,,,,,,,,,
0xf191539a2c4ba0af951438bb6abfa0625c7df2ef,0xf191…f2ef,150,1770289.001349,2965564.751349,568915.19137,115961.080705,63.659738629,0.4601463457,393363.18,1,HYPE,10.0,True,186.0,5.0,-33194.25037584,275.89416908,-33470.14454492,0.84251968503937,107.0,20.0,194.45169962616822,-1036.0103864999999,1.0041565283090914,0.0,0.0,HYPE,SOL,ETH,0.5423748410220836,True,0.9086021505376344,0.021505376344086023,LONG,4150.866102258065,2004.94285,73458.0,816.2853411111112,POSITION,2.066666666666667,90.0,0.07414343962171155,0.0,6.0,-10326.926717999999,-0.30854144367797154
0x3eea372582e72f1d189ce02e7a65968015622a01,0x3eea…2a01,151,2827634.705428,4163511.475428,814237.007543,156497.873353,13.0105067593,0.4044094261,37453.01,0,,0.0,True,37.0,11.0,670.6589257600001,6.81059907,663.8483266900001,0.0,0.0,6.0,,-37.715328166666666,,6.0,1.0,flx:OIL,,,0.16435354273192113,False,0.32432432432432434,0.2972972972972973,NEUTRAL,1012.2603753784416,431.4,7039.638277,42.871003333333334,SWING,0.5692307692307692,65.0,0.0,0.0,3.0,3.1751959999999997,0.004783014240363874
0xc794b210337339ce83f5be21f0f62802c029b332,0xc794…b332,152,466444.925182,1000497.858054,406217.213756,48830.364836,8.8808944616,0.6249463758,117813334.99,0,,0.0,True,2000.0,17.0,5065.463448019999,1074.46592434,3990.997523679999,0.44004400440044006,400.0,509.0,67.8183963325,-43.4552358015717,1.2264436928090894,8.0,0.0088008800880088,xyz:COPPER,flx:XMR,xyz:XYZ100,0.101333,False,0.323,0.6685,SHORT,6352.1776877905,765.476865,583230.0,25.404643055555553,SWING,400.0,5.0,7.0042326037557165,-0.5105051199353268,12.0,75743.8204,18.97866885423635
0xd2055c67884ef085760f31c06300880e7f745acf,0xd205…5acf,153,2047679.784855,4347489.864855,578991.660795,106318.432998,42.591543252,0.3941968889,59418.64,0,,0.0,True,24.0,2.0,-1020.820295,32.81679,-1053.637085,0.0,0.0,11.0,,-92.801845,,11.0,1.0,BTC,kPEPE,,0.78125,True,1.0,0.0,LONG,3798.240701166667,460.9109490000001,29512.94061,29.419591944444445,SWING,0.8571428571428571,28.0,-5.156806754882173,-0.0,2.0,-7.092894,-0.0067318188596218595
0xdae84fffb8090d2c4bbcac8e161e0034f3602d20,0xdae8…2d20,154,5032155.147168,4260229.537168,1421875.824551,253074.420562,5.5189567013,0.3938409462,0.0,0,,0.0,False,,,,,,,,,,,,,,,,,,,,,,,,,,,,,,,,,
0x0d446c3372a9ba9cddef0eef7a1afab6dc0e8c0b,0x0d44…8c0b,155,52183910.917571,52159519.387571,0.0,465300.957037,869.3253231262,0.0,0.0,0,,0.0,False,,,,,,,,,,,,,,,,,,,,,,,,,,,,,,,,,
0xb123cd952875d8014efc7a9160a7531a5fe8f5ca,0xb123…f5ca,156,5397.055436,336047.465436,2532.186105,-473.510278,27.9859507266,0.7898495695,28250.36,1,PURR,3.0,True,247.0,6.0,-21249.712208769997,223.70903534,-21473.42124411,0.782608695652174,36.0,10.0,28.976489138888887,-302.53231,0.3448073394210357,10.0,0.21739130434782608,PURR,LINK,BTC,0.3398351062957924,False,0.8178137651821862,0.0,LONG,1922.5013603913444,91.727,75620.0,324.69318805555554,POSITION,3.742424242424242,66.0,-2.3544749851831157,-63.913553105821606,18.0,-436.93662600000005,-0.02034778813459213
0x6cd68e8f04490cd1a5a21cc97cc8bc15b47dc9eb,0x6cd6…c9eb,157,4963671.240382001,6880500.770382,1178980.9939940001,185122.038606,12.8961814259,0.3115132064,21996.46,0,,0.0,True,197.0,14.0,-127.65727257000005,636.6580486199999,-764.31532119,0.0,0.0,9.0,,-1.548417888888889,,0.0,0.0,xyz:COPPER,xyz:CL,HYPE,0.12185317838645675,False,0.1116751269035533,0.0,NEUTRAL,1140.3952483418452,28.7552,58315.454672,18.662770138888888,SWING,2.2134831460674156,89.0,-5.285665641604112,-0.0,3.0,1.2005109999999988,0.0015707012102424748
0xcccf42c120fa1a7ad953665500c1bd4f6307b34b,0xcccf…b34b,158,1315212.722058,6714017.112058,351955.13733,31082.899387,25.7750791555,0.3146238545,5224864.65,0,,0.0,True,2000.0,5.0,10278.39032326,1223.84528503,9054.54503823,0.6544190665342602,659.0,348.0,29.910337939301975,-23.52651022413793,2.407520418530529,0.0,0.0,xyz:XYZ100,,,0.9607255,True,0.47,0.51,NEUTRAL,7674.456254786587,749.56565,593257.8001999999,48.10303388888889,SWING,51.282051282051285,39.0,4.042653473798587,-2.2061603424568847,8.0,-2994.519003,-0.33071998541689007
0x3119a5bf3ce136b2ea82969a26e5f570c0319209,0x3119…9209,159,3767722.779497,5434319.039497,1070332.657594,180473.803474,8.8851914369,0.3456148425,600131.61,0,,0.0,True,159.0,4.0,-94558.27633697001,335.74053762,-94894.01687459002,0.0,,,,,0.0,0.0,0.0,,,,0.9627388157114036,True,0.0,0.0,NEUTRAL,3774.4215026823285,999.91008,43339.31447999999,0.0,SCALPER,2.564516129032258,62.0,0.0,0.0,16.0,0.0,0.0
0x7007c7c32cb120961c011c38f5aad2f0dbb05c73,0x7007…5c73,160,3316551.875242,3886808.575242,935080.160466,184905.488293,1653.736320007,0.3926480229,0.0,0,,0.0,True,54.0,6.0,-13347.63745,297.6263039389,-13645.2637539389,0.0,0.0,20.0,,-600.1539086,,20.0,1.0,BTC,,,0.6440329218106995,True,0.7962962962962963,0.0,LONG,16083.710629129338,10930.57243,85832.16627999999,32.217462499999996,SWING,2.16,25.0,0.0,0.0,7.0,-124.52952700000002,-0.009126208862327985
0xd2d818dfd6ff0f87cc7f3a516a396c1be20deba2,0xd2d8…eba2,161,3888548.56615,3904088.9861500002,1091924.421144,156798.165904,1122.4161832826,0.3904297902,0.0,0,,0.0,False,,,,,,,,,,,,,,,,,,,,,,,,,,,,,,,,,
0xe0736ae0872d83360f20842aed7195b2e1f4ba86,0xe073…ba86,162,4527621.301415,4637773.501415,1297957.283281,260523.063571,7.4390816071,0.362051837,0.0,0,,0.0,True,32.0,1.0,-8984.99999998,45.49999983,-9030.499999810001,0.0,,,,,0.0,0.0,0.0,,,,1.0,True,0.0,0.0,NEUTRAL,5078.125,2522.205,20431.315,0.0,SCALPER,32.0,1.0,0.0,0.0,0.0,0.0,0.0
0xa82fe73bbd768bc15d1ef2f6142a21ff8bd762ad,0xa82f…62ad,163,2517830.851455,2251980.851455,810150.072687,156229.602676,8.470870233,0.4744154076,0.0,0,,0.0,False,,,,,,,,,,,,,,,,,,,,,,,,,,,,,,,,,
0x5ac99df645f3414876c816caa18b2d234024b487,0x5ac9…b487,164,2471468.08196,2205535.62196,797567.591949,143419.106062,8.293593125,0.4764725243,0.0,0,,0.0,False,,,,,,,,,,,,,,,,,,,,,,,,,,,,,,,,,
0x80f0cd23da5bf3a0101110cfd0f89c8a69a1384d,0x80f0…384d,165,2525132.226465,2259272.226465,810076.818817,131657.089594,8.4979772304,0.4723327393,0.0,0,,0.0,False,,,,,,,,,,,,,,,,,,,,,,,,,,,,,,,,,
0xcc49ffdf3d8f62562319cfc7ead9e6e52df3ffc2,0xcc49…ffc2,166,160252.983933,1748764.783933,54210.391763,14257.141859,12.9445612091,0.5112133781,0.0,0,,0.0,False,,,,,,,,,,,,,,,,,,,,,,,,,,,,,,,,,
0xe0d8fd312d7bd72d7de328923d7dcf08340c0f83,0xe0d8…0f83,167,2553.989094,62748.649094,1297.658015,1240.039094,16.3675776619,1.0328949404,112543.78,0,,0.0,True,115.0,8.0,-2011.2071787799996,44.99334797,-2056.2005267499994,0.37209302325581395,16.0,27.0,4.0078721875,-67.66124137037039,0.0351018592368071,0.0,0.0,DOGE,xyz:BRENTOIL,AAVE,0.2768241965973535,False,0.09565217391304348,0.8782608695652174,SHORT,919.4266232782609,730.303,4486.112800000001,19.338904166666666,SWING,1.9491525423728813,59.0,-4.0839029638753,-0.0,23.0,-43.122561000000005,-0.020971962821232662
0xdf35aee8ef5658686142acd1e5ab5dbcdf8c51e8,0xdf35…51e8,168,2536764.722307,2270874.722307,808998.54631,169399.618233,8.5406548659,0.468233814,0.0,0,,0.0,False,,,,,,,,,,,,,,,,,,,,,,,,,,,,,,,,,
0x97f20f91c18093c7f738a00ffabc03eea04ec668,0x97f2…c668,169,40606.019342,3490012.819342,11526.43623,1663.934151,37.4773302646,0.3963755665,0.0,0,,0.0,True,2000.0,23.0,143.30211899999972,93.51372,49.788398999999714,0.6831683168316832,828.0,384.0,3.025665278985507,-1.7277894348958334,3.775975605618766,5.0,0.004125412541254125,HYPE,LIT,0G,0.2353675,False,0.1485,0.857,SHORT,139.7339039586961,20.7282,23121.9416,3.367916111111111,INTRADAY,666.6666666666666,3.0,0.0,0.0,9.0,941.4882159999997,18.90979093342618
0x7bfee91193d9df2ac0bfe90191d40f23c773c060,0x7bfe…c060,170,885530.123085,13809570.083085,138847.186418,20713.781584,18.1172389777,0.1802160357,99.98,0,,0.0,True,169.0,6.0,-7338.47044016,143.666364,-7482.13680416,0.0,0.0,18.0,,-182.98798861111106,,17.0,0.9444444444444444,xyz:XYZ100,BERA,,0.35583487973110184,False,0.005917159763313609,0.34911242603550297,NEUTRAL,438.6918723757934,26.2214106,12450.5101,223.94569777777778,POSITION,2.1392405063291138,79.0,-7.0841228628969795,-0.0,12.0,-71.3488,-0.009535885518737203
0xda3cdff67ce27fa68ba5600a7c95efd8153d9f15,0xda3c…9f15,171,0.075028,43348850.875028,0.000988,0.0,28.4197643751,9.88e-06,0.0,0,,0.0,False,,,,,,,,,,,,,,,,,,,,,,,,,,,,,,,,,
0xe2597d4cbf8c4686312fd9c7a04fc233cead57c4,0xe259…57c4,172,161187.488643,1298644.318643,57204.672269,10263.601415,9.1128248471,0.5482381978,34018101.01,2,"BTC,PUMP",21.0,True,2000.0,7.0,-15694.921861000003,579.706868,-16274.628729000002,0.7366666666666667,221.0,79.0,91.56542270588236,-454.82126935443046,0.5631912789464002,28.0,0.09333333333333334,BTC,ETH,HYPE,0.31529100000000004,False,0.403,0.597,NEUTRAL,2075.6032590590003,747.3841500000001,106758.99409,78.11390166666666,POSITION,250.0,8.0,-3.0169177819034725,-4.453887456466072,14.0,-1193.6079939999997,-0.07334164200459406
0xea1feb9a9a006a7fc253c6ca87349be0da072f25,0xea1f…2f25,173,358873.519218,15435610.709218,51404.472701,8342.787159,27.9241239257,0.1597062922,0.0,0,,0.0,False,,,,,,,,,,,,,,,,,,,,,,,,,,,,,,,,,
0x86a8c6ad0e90d3a3c25fcadcbf20ab9e89013137,0x86a8…3137,174,1825786.176135,4029281.336135,500227.265328,99021.618393,12.9170663186,0.3666985256,5004923.54,0,,0.0,True,2000.0,3.0,-70351.94997227001,2065.7185910099997,-72417.66856328,0.0,,,,,0.0,0.0,0.0,,,,0.949302,True,0.0,0.0,NEUTRAL,5553.0604464839325,2473.14028,149141.43,0.0,SCALPER,48.78048780487805,41.0,0.0,0.0,15.0,0.0,0.0
0x0998dca9d8896c8f3e36ad594db31b3f75ca0e0e,0x0998…0e0e,175,3454786.826629,3402570.1266289996,974875.645188,161006.08324,41.1187767299,0.3930932459,0.0,0,,0.0,False,,,,,,,,,,,,,,,,,,,,,,,,,,,,,,,,,
0x482bb8c52cf518f978d9e7bb00844db2bf60464b,0x482b…464b,176,4110.347667,1970577.747667,1329.477308,993.199775,8.4107834924,0.4780795709,262324.67,0,,0.0,True,192.0,9.0,1105.50317784,90.41613343,1015.0870444100001,0.9565217391304348,22.0,1.0,61.82015031818182,-119.007,11.42826310217046,1.0,0.043478260869565216,BTC,HYPE,xyz:CL,0.25564236111111116,False,0.4166666666666667,0.11458333333333333,NEUTRAL,1386.928923703439,115.0,24840.936,173.6076713888889,POSITION,2.1333333333333333,90.0,10.992580891801575,-0.12613281240961347,0.0,-2.6245060000000002,-0.0025854984697646732
0x95cd5104e3e618f505428265eb459d5ec9363e17,0x95cd…3e17,177,806530.44863,3170177.96863,230824.772472,37859.73037,18.0558345479,0.4009423253,0.0,0,,0.0,False,,,,,,,,,,,,,,,,,,,,,,,,,,,,,,,,,
0xa10ec245b3483f83e350a9165a52ae23dbab01bc,0xa10e…01bc,178,4197.251397,3543795.551397,1163.21675,207.698206,12.5684616521,0.3833894089,0.0,0,,0.0,True,2000.0,2.0,-196.54041300000245,4446.2314910000005,-4642.771904000003,0.5933333333333334,267.0,183.0,158.17045094756557,-231.8472722185792,0.9953676775336124,38.0,0.08444444444444445,ETH,BTC,,0.873248,True,0.4795,0.5205,NEUTRAL,15409.499899305001,2009.359,513811.52179,50.92300888888889,SWING,74.07407407407408,27.0,-0.017395867814429016,-0.0,15.0,2366.5041959999994,0.5097179540440326
0x462e3f2ce774b4dbba10662a2155e4823d4c820f,0x462e…820f,179,7945964.897042001,7617715.9070419995,2127220.3690969995,343548.580204,4.8976784571,0.3651455381,3012841.01,0,,0.0,False,,,,,,,,,,,,,,,,,,,,,,,,,,,,,,,,,
0x30031f21e4927c7b7c8d9bdb803bc14e57388028,0x3003…8028,180,2199035.432961,3444254.572961,613137.280208,90331.136408,12.7996250959,0.3866183204,11465249.59,12,"BTC,ETH,ATOM,DOGE,LINK,XRP,BCH,DOT,ADA,PURR,XLM,SAND",20.0,True,2000.0,20.0,-7965.85725,402.11279799,-8367.97004799,0.47399411187438667,483.0,536.0,14.374235855072463,-27.795273720149254,0.4660109831082462,1.0,0.0009813542688910696,PURR,HYPE,LINK,0.1079355,False,0.125,0.893,SHORT,572.3005422509999,545.6498775,5000.24985,116.65040472222222,POSITION,71.42857142857143,28.0,-4.428360396766301,-3.812884284035103,14.0,419.387298,0.050118164333145226
0x31c683a67f0e3919a86fead9241d94f34679f11f,0x31c6…f11f,181,124141.842128,4099771.482128,32698.897825,3183.16792,20.5813101246,0.3575879809,0.0,0,,0.0,False,,,,,,,,,,,,,,,,,,,,,,,,,,,,,,,,,
0x699255686b24980eb3ea3bd84fbb62fd42954064,0x6992…4064,182,1238556.217572,3052937.097572,355034.222796,71277.12202,24.8949411931,0.4018397107,0.0,0,,0.0,False,,,,,,,,,,,,,,,,,,,,,,,,,,,,,,,,,
0x52081a6912cfa64968999fbeb31387446a49b207,0x5208…b207,183,51786.453851,936641.353851,69937.174296,26506.776721,68.1089475927,0.5849680196,31988140.52,1,TAO,5.0,True,2000.0,13.0,17897.425748999995,1570.5083797,16326.917369299994,0.39744952178533477,374.0,567.0,114.59831115508022,-44.02529563139329,1.716977008900981,0.0,0.0,ZEC,MON,xyz:SILVER,0.21774849999999998,False,0.9755,0.0155,LONG,1787.0380281016276,506.9435495,53950.1062,13.211735,SWING,166.66666666666666,12.0,4.474472749130084,0.0,21.0,4558.9838469999995,0.2792311459585382
0xf3115b8641808c85544c36cac4024b7de58ef575,0xf311…f575,184,1054374.239678,3141518.039678,351187.179242,61892.078994,29.9691228352,0.3938916815,12527.88,0,,0.0,True,103.0,7.0,11158.33249484,5.422372550000001,11152.91012229,0.0,,,,,0.0,0.0,0.0,,,,0.7832029408992366,True,0.0,0.0,NEUTRAL,153.09096892903156,143.3003405,1486.920708,0.0,SCALPER,1.609375,64.0,0.0,0.0,6.0,0.0,0.0
0xad99c596d2cef64cb027fe81169d6d179d340a76,0xad99…0a76,185,139.753032,62434.593032,835.297415,59.993915,192.1820640363,1.0082265372,325896.36,0,,0.0,True,479.0,9.0,2476.9364791999997,789.89834908,1687.0381301199996,0.5094339622641509,108.0,104.0,69.12388532407407,-46.80962449038462,1.53349865715804,1.0,0.0047169811320754715,BTC,xyz:SILVER,xyz:GOLD,0.32596179409957243,False,0.5553235908141962,0.4154488517745303,NEUTRAL,5284.816191345768,999.85152,112386.25123,80.62498027777778,POSITION,5.505747126436781,87.0,1.9746404465751823,-1.2375905861363266,10.0,-72.932107,-0.043230858685341225
0xfb00c13f617c5981abb803591267c2241d6c1e9d,0xfb00…1e9d,186,3342846.775225,3089481.295225,947941.677195,169258.547636,12.1937735765,0.395815967,0.0,0,,0.0,False,,,,,,,,,,,,,,,,,,,,,,,,,,,,,,,,,
0x862dd8e68f30693e3d3c9daa42a440bc6d2a1f0c,0x862d…1f0c,187,2548658.2738520005,3967679.3238520003,683124.799831,112331.056477,7.8818040487,0.3552287711,1120865200.9199998,0,,0.0,False,,,,,,,,,,,,,,,,,,,,,,,,,,,,,,,,,
0x3f0fb61b79ceea17dcf7a7f38446485c2fc10ed1,0x3f0f…0ed1,188,3054464.108381,2991502.568381,866413.752596,124988.106306,47.5131734132,0.3959752344,0.0,0,,0.0,False,,,,,,,,,,,,,,,,,,,,,,,,,,,,,,,,,
0xf58b3f905f315f25d8b3484dce07abf104ccf64d,0xf58b…f64d,189,2224688.807276,3504161.007276,597133.897139,112416.161988,7.2281551077,0.3668000272,0.0,0,,0.0,True,26.0,2.0,-17.50059976,70.39912136000001,-87.89972112000001,0.0,,,,,0.0,0.0,0.0,,,,0.9260355029585798,True,0.0,0.0,NEUTRAL,4835.156866272122,1964.96624,18089.14,0.0,SCALPER,3.25,8.0,0.0,0.0,8.0,0.0,0.0
0x598f9efb3164ec216b4eff33c2b239605be5af8e,0x598f…af8e,190,20.284281,23908868.354281,6.512247,0.0,90.1935406036,0.06512247,0.0,0,,0.0,False,,,,,,,,,,,,,,,,,,,,,,,,,,,,,,,,,
0xa464abbf049fb75585484addcbc00169062e813a,0xa464…813a,191,4268.645768,31666469.935767997,564.925018,195.627327,347.7952549681,0.0201241575,46602.01,0,,0.0,True,988.0,25.0,-8159.618468789999,7198.573805663402,-15358.1922744534,0.4460285132382892,219.0,272.0,42.175025748858445,-58.980160874999996,0.5757376282758402,1.0,0.002036659877800407,vntl:SPACEX,xyz:XYZ100,vntl:OPENAI,0.1821247684767821,False,0.5819838056680162,0.30465587044534415,NEUTRAL,1552.2275043544653,71.55673,98987.84,12.15834347222222,SWING,11.35632183908046,87.0,-1.5000668827561032,-2.760309587373571,1.0,-647.0269400000002,-0.04212910793389764
0xbbbdbbfa1f754aea323af6cc56153e0605e89227,0xbbbd…9227,192,548382.677973,2941113.287973,154677.556786,44451.501416,25.3982402161,0.3928766695,2302.79,0,,0.0,True,27.0,7.0,-1516.25990939,13.496515380799998,-1529.7564247708,0.0,,,,,0.0,0.0,0.0,,,,0.22908093278463648,False,0.0,0.0,NEUTRAL,1573.520734916259,463.57788,26451.002843,0.0,SCALPER,0.3698630136986301,73.0,0.0,0.0,23.0,0.0,0.0
0x9e8c646220613d68eaf2b947f46c2b4f52bf3f45,0x9e8c…3f45,193,1726135.621821,3116600.021821,477856.756477,93305.997973,121.6592562124,0.3826595466,386118.3,1,BTC,40.0,True,1859.0,21.0,-99.3895147799999,4824.34770666,-4923.73722144,0.7070938215102975,618.0,256.0,15.93493328317152,-31.4341894453125,1.2237606745302168,37.0,0.04233409610983982,BTC,HYPE,hyna:HYPE,0.47514164984268836,False,0.7073695535233997,0.28617536309844,LONG,4704.167332099996,442.9,138750.6384,29.693275694444445,SWING,20.655555555555555,90.0,1.130313667700055,-0.7436815243746348,15.0,-176.242111,-0.03579437794376364
0x1cba6c6ead0b6221b379f3ec1a56f47f798eedae,0x1cba…edae,194,3397.390032,6112068.800032,735.5512,142.028191,9.4633560443,0.2763319819,1503.34,0,,0.0,False,,,,,,,,,,,,,,,,,,,,,,,,,,,,,,,,,
0x19f126c87f36339972e6d9378f102f7edeb6f02d,0x19f1…f02d,195,109060.670681,385544.560681,55081.546145,10987.308632,104.2053970021,0.7045896558,274943.5,1,HYPE,10.0,True,466.0,5.0,18948.64018762,264.2635147124,18684.3766729076,0.7767441860465116,167.0,48.0,148.92733017964068,-124.15329874999999,4.173413096014628,1.0,0.004651162790697674,HYPE,,,0.9168800309454954,True,0.9570815450643777,0.0,LONG,1742.8962180228373,499.8478,49756.03137,188.07757777777778,POSITION,9.137254901960784,51.0,2.625799748801749,-1.6823742120838163,8.0,-667.962133,-0.03574976809199886
0xc59498175d6d317642aeb97f895a7ce1aa992191,0xc594…2191,196,4500002.111106,34234102.611106,0.014662,0.004014,6.8169614675,1.8e-09,0.0,0,,0.0,True,2000.0,2.0,139489.625825,6726.1091240000005,132763.516701,1.0,1617.0,0.0,86.26445629251701,,,0.0,0.0,ETH,,,0.6903444999999999,True,0.0,1.0,SHORT,8302.7728834,1014.9,225224.98144,0.0,SCALPER,133.33333333333334,15.0,0.0,0.0,15.0,20349.797104000005,0.15327853321202908
0xdab9dc2263f97f1da26c285278905774491850df,0xdab9…50df,197,2381309.545709,2806641.575709,670573.815872,193465.643269,13.2069893284,0.3919797805,0.0,0,,0.0,False,,,,,,,,,,,,,,,,,,,,,,,,,,,,,,,,,
0x91f564e80ed5e98eb22fde0857e1a87047f2df13,0x91f5…df13,198,403447.447468,2678235.497468,114356.415813,22688.737951,5.0013215318,0.3955723398,0.0,0,,0.0,False,,,,,,,,,,,,,,,,,,,,,,,,,,,,,,,,,
0xbfb849931dc8cfa08a690c435fb4e4f47906ec8d,0xbfb8…ec8d,199,432244.306616,2924429.816616,118900.049831,22521.720488,40.4234152133,0.3794550156,33385.32,0,,0.0,True,269.0,24.0,1074.91548921,31.0572046541,1043.8582845559001,0.6875,11.0,5.0,7.260961272727273,-3.5379944,4.515019808962954,0.0,0.0,IP,BTC,MON,0.15233343928359203,False,0.06691449814126393,0.137546468401487,NEUTRAL,657.2138184554724,160.1627034,10000.49995,247.06108138888888,POSITION,3.0224719101123596,89.0,7.0054648651603895,0.0,0.0,-1.4868869999999998,-0.0014244146183431232
0x9e8b1e51c642f4c8b87c6ba11c53d516a218afc4,0x9e8b…afc4,200,4807208.263391,18254275.773391,788870.684194,268238.821082,52.9405971431,0.0918141032,162756203.46,0,,0.0,True,2000.0,3.0,-106823.18642700001,10746.117092999999,-117569.30352,0.2511715089034677,268.0,799.0,115.22524080597016,-170.75300660700876,0.2263431104158313,0.0,0.0,BTC,WLD,,0.5190035000000001,True,0.993,0.0075,LONG,17211.176233594997,4991.9833555000005,464812.35706,10.936152777777778,INTRADAY,47.61904761904762,42.0,-3.361645076898427,-4.41807129964251,21.0,-68326.311421,-0.5811577459024145
