address,time_ms,coin,funding_usd,side,time
0x9ef0c73fb9c3b96dde6b709fa89df72dd2a855e4,1766016000000,vntl:ANTHROPIC,-42.061663,funding,2025-12-18 00:00:00+00:00
0x9ef0c73fb9c3b96dde6b709fa89df72dd2a855e4,1766016000000,vntl:OPENAI,-14.766267,funding,2025-12-18 00:00:00+00:00
0x9ef0c73fb9c3b96dde6b709fa89df72dd2a855e4,1766016000000,vntl:SPACEX,-109.829312,funding,2025-12-18 00:00:00+00:00
0x9ef0c73fb9c3b96dde6b709fa89df72dd2a855e4,1766102400000,vntl:ANTHROPIC,-33.743851,funding,2025-12-19 00:00:00+00:00
0x9ef0c73fb9c3b96dde6b709fa89df72dd2a855e4,1766102400000,vntl:OPENAI,-11.830509,funding,2025-12-19 00:00:00+00:00
0x9ef0c73fb9c3b96dde6b709fa89df72dd2a855e4,1766102400000,vntl:SPACEX,-76.551394,funding,2025-12-19 00:00:00+00:00
0x9ef0c73fb9c3b96dde6b709fa89df72dd2a855e4,1766188800000,vntl:ANTHROPIC,-27.504165,funding,2025-12-20 00:00:00+00:00
0x9ef0c73fb9c3b96dde6b709fa89df72dd2a855e4,1766188800000,vntl:OPENAI,-15.017908,funding,2025-12-20 00:00:00+00:00
0x9ef0c73fb9c3b96dde6b709fa89df72dd2a855e4,1766188800000,vntl:SPACEX,-5148.108283,funding,2025-12-20 00:00:00+00:00
0x9ef0c73fb9c3b96dde6b709fa89df72dd2a855e4,1766275200000,vntl:ANTHROPIC,-23.367754,funding,2025-12-21 00:00:00+00:00
0x9ef0c73fb9c3b96dde6b709fa89df72dd2a855e4,1766275200000,vntl:OPENAI,-15.362866,funding,2025-12-21 00:00:00+00:00
0x9ef0c73fb9c3b96dde6b709fa89df72dd2a855e4,1766275200000,vntl:SPACEX,-5555.056328,funding,2025-12-21 00:00:00+00:00
0x9ef0c73fb9c3b96dde6b709fa89df72dd2a855e4,1766361600000,vntl:ANTHROPIC,-23.294016,funding,2025-12-22 00:00:00+00:00
0x9ef0c73fb9c3b96dde6b709fa89df72dd2a855e4,1766361600000,vntl:OPENAI,-15.956845,funding,2025-12-22 00:00:00+00:00
0x9ef0c73fb9c3b96dde6b709fa89df72dd2a855e4,1766361600000,vntl:SPACEX,-130.082954,funding,2025-12-22 00:00:00+00:00
0x9ef0c73fb9c3b96dde6b709fa89df72dd2a855e4,1766448000000,vntl:ANTHROPIC,-7413.983155,funding,2025-12-23 00:00:00+00:00
0x9ef0c73fb9c3b96dde6b709fa89df72dd2a855e4,1766448000000,vntl:OPENAI,-15.545279,funding,2025-12-23 00:00:00+00:00
0x9ef0c73fb9c3b96dde6b709fa89df72dd2a855e4,1766448000000,vntl:SPACEX,-89.049799,funding,2025-12-23 00:00:00+00:00
0x9ef0c73fb9c3b96dde6b709fa89df72dd2a855e4,1766534400000,vntl:ANTHROPIC,2.060869,funding,2025-12-24 00:00:00+00:00
0x9ef0c73fb9c3b96dde6b709fa89df72dd2a855e4,1766534400000,vntl:OPENAI,-14.943452,funding,2025-12-24 00:00:00+00:00
0x9ef0c73fb9c3b96dde6b709fa89df72dd2a855e4,1766534400000,vntl:SPACEX,-78.384122,funding,2025-12-24 00:00:00+00:00
0x9ef0c73fb9c3b96dde6b709fa89df72dd2a855e4,1766620800000,vntl:ANTHROPIC,-4.341074,funding,2025-12-25 00:00:00+00:00
0x9ef0c73fb9c3b96dde6b709fa89df72dd2a855e4,1766620800000,vntl:OPENAI,-13.305619,funding,2025-12-25 00:00:00+00:00
0x9ef0c73fb9c3b96dde6b709fa89df72dd2a855e4,1766620800000,vntl:SPACEX,-70.136983,funding,2025-12-25 00:00:00+00:00
0x9ef0c73fb9c3b96dde6b709fa89df72dd2a855e4,1766707200000,vntl:ANTHROPIC,9.526822,funding,2025-12-26 00:00:00+00:00
0x9ef0c73fb9c3b96dde6b709fa89df72dd2a855e4,1766707200000,vntl:OPENAI,-13.389537,funding,2025-12-26 00:00:00+00:00
0x9ef0c73fb9c3b96dde6b709fa89df72dd2a855e4,1766707200000,vntl:SPACEX,-48.685953,funding,2025-12-26 00:00:00+00:00
0x9ef0c73fb9c3b96dde6b709fa89df72dd2a855e4,1766793600000,vntl:ANTHROPIC,0.483893,funding,2025-12-27 00:00:00+00:00
0x9ef0c73fb9c3b96dde6b709fa89df72dd2a855e4,1766793600000,vntl:OPENAI,-15.466366,funding,2025-12-27 00:00:00+00:00
0x9ef0c73fb9c3b96dde6b709fa89df72dd2a855e4,1766793600000,vntl:SPACEX,-57.184446,funding,2025-12-27 00:00:00+00:00
0x9ef0c73fb9c3b96dde6b709fa89df72dd2a855e4,1766880000000,vntl:ANTHROPIC,11.898516,funding,2025-12-28 00:00:00+00:00
0x9ef0c73fb9c3b96dde6b709fa89df72dd2a855e4,1766880000000,vntl:OPENAI,-15.833199,funding,2025-12-28 00:00:00+00:00
0x9ef0c73fb9c3b96dde6b709fa89df72dd2a855e4,1766880000000,vntl:SPACEX,-48.303122,funding,2025-12-28 00:00:00+00:00
0x9ef0c73fb9c3b96dde6b709fa89df72dd2a855e4,1766966400000,vntl:ANTHROPIC,12.257007,funding,2025-12-29 00:00:00+00:00
0x9ef0c73fb9c3b96dde6b709fa89df72dd2a855e4,1766966400000,vntl:OPENAI,-15.977117,funding,2025-12-29 00:00:00+00:00
0x9ef0c73fb9c3b96dde6b709fa89df72dd2a855e4,1766966400000,vntl:SPACEX,-46.750733,funding,2025-12-29 00:00:00+00:00
0x9ef0c73fb9c3b96dde6b709fa89df72dd2a855e4,1767052800000,vntl:ANTHROPIC,12.353716,funding,2025-12-30 00:00:00+00:00
0x9ef0c73fb9c3b96dde6b709fa89df72dd2a855e4,1767052800000,vntl:OPENAI,-13.503103,funding,2025-12-30 00:00:00+00:00
0x9ef0c73fb9c3b96dde6b709fa89df72dd2a855e4,1767052800000,vntl:SPACEX,-46.558446,funding,2025-12-30 00:00:00+00:00
0x9ef0c73fb9c3b96dde6b709fa89df72dd2a855e4,1767139200000,vntl:ANTHROPIC,8.640837,funding,2025-12-31 00:00:00+00:00
0x9ef0c73fb9c3b96dde6b709fa89df72dd2a855e4,1767139200000,vntl:OPENAI,-10.924233,funding,2025-12-31 00:00:00+00:00
0x9ef0c73fb9c3b96dde6b709fa89df72dd2a855e4,1767139200000,vntl:SPACEX,-47.84767,funding,2025-12-31 00:00:00+00:00
0x9ef0c73fb9c3b96dde6b709fa89df72dd2a855e4,1767225600000,vntl:ANTHROPIC,3.95233,funding,2026-01-01 00:00:00+00:00
0x9ef0c73fb9c3b96dde6b709fa89df72dd2a855e4,1767225600000,vntl:OPENAI,-7.28374,funding,2026-01-01 00:00:00+00:00
0x9ef0c73fb9c3b96dde6b709fa89df72dd2a855e4,1767225600000,vntl:SPACEX,-49.810798,funding,2026-01-01 00:00:00+00:00
0x9ef0c73fb9c3b96dde6b709fa89df72dd2a855e4,1767312000000,vntl:ANTHROPIC,1.891716,funding,2026-01-02 00:00:00+00:00
0x9ef0c73fb9c3b96dde6b709fa89df72dd2a855e4,1767312000000,vntl:OPENAI,-7.234301,funding,2026-01-02 00:00:00+00:00
0x9ef0c73fb9c3b96dde6b709fa89df72dd2a855e4,1767312000000,vntl:SPACEX,-52.647388,funding,2026-01-02 00:00:00+00:00
0x9ef0c73fb9c3b96dde6b709fa89df72dd2a855e4,1767398400000,vntl:ANTHROPIC,1.750108,funding,2026-01-03 00:00:00+00:00
0x9ef0c73fb9c3b96dde6b709fa89df72dd2a855e4,1767398400000,vntl:OPENAI,-6.623774,funding,2026-01-03 00:00:00+00:00
0x9ef0c73fb9c3b96dde6b709fa89df72dd2a855e4,1767398400000,vntl:SPACEX,-52.805539,funding,2026-01-03 00:00:00+00:00
0x9ef0c73fb9c3b96dde6b709fa89df72dd2a855e4,1767484800000,vntl:ANTHROPIC,0.911858,funding,2026-01-04 00:00:00+00:00
0x9ef0c73fb9c3b96dde6b709fa89df72dd2a855e4,1767484800000,vntl:OPENAI,-4.96979,funding,2026-01-04 00:00:00+00:00
0x9ef0c73fb9c3b96dde6b709fa89df72dd2a855e4,1767484800000,vntl:SPACEX,-53.890059,funding,2026-01-04 00:00:00+00:00
0x9ef0c73fb9c3b96dde6b709fa89df72dd2a855e4,1767571200000,vntl:ANTHROPIC,0.524279,funding,2026-01-05 00:00:00+00:00
0x9ef0c73fb9c3b96dde6b709fa89df72dd2a855e4,1767571200000,vntl:OPENAI,-4.566485,funding,2026-01-05 00:00:00+00:00
0x9ef0c73fb9c3b96dde6b709fa89df72dd2a855e4,1767571200000,vntl:SPACEX,-63.390874,funding,2026-01-05 00:00:00+00:00
0x9ef0c73fb9c3b96dde6b709fa89df72dd2a855e4,1767657600000,vntl:ANTHROPIC,0.456143,funding,2026-01-06 00:00:00+00:00
0x9ef0c73fb9c3b96dde6b709fa89df72dd2a855e4,1767657600000,vntl:OPENAI,-4.324644,funding,2026-01-06 00:00:00+00:00
0x9ef0c73fb9c3b96dde6b709fa89df72dd2a855e4,1767657600000,vntl:SPACEX,-75.681887,funding,2026-01-06 00:00:00+00:00
0x9ef0c73fb9c3b96dde6b709fa89df72dd2a855e4,1767744000000,vntl:ANTHROPIC,-0.552263,funding,2026-01-07 00:00:00+00:00
0x9ef0c73fb9c3b96dde6b709fa89df72dd2a855e4,1767744000000,vntl:OPENAI,-4.328038,funding,2026-01-07 00:00:00+00:00
0x9ef0c73fb9c3b96dde6b709fa89df72dd2a855e4,1767744000000,vntl:SPACEX,-71.465823,funding,2026-01-07 00:00:00+00:00
0x9ef0c73fb9c3b96dde6b709fa89df72dd2a855e4,1767830400000,vntl:ANTHROPIC,-1.520286,funding,2026-01-08 00:00:00+00:00
0x9ef0c73fb9c3b96dde6b709fa89df72dd2a855e4,1767830400000,vntl:OPENAI,-4.522622,funding,2026-01-08 00:00:00+00:00
0x9ef0c73fb9c3b96dde6b709fa89df72dd2a855e4,1767830400000,vntl:SPACEX,-77.596158,funding,2026-01-08 00:00:00+00:00
0x9ef0c73fb9c3b96dde6b709fa89df72dd2a855e4,1767916800000,vntl:ANTHROPIC,-1.542288,funding,2026-01-09 00:00:00+00:00
0x9ef0c73fb9c3b96dde6b709fa89df72dd2a855e4,1767916800000,vntl:OPENAI,-4.589822,funding,2026-01-09 00:00:00+00:00
0x9ef0c73fb9c3b96dde6b709fa89df72dd2a855e4,1767916800000,vntl:SPACEX,-79.082024,funding,2026-01-09 00:00:00+00:00
0x9ef0c73fb9c3b96dde6b709fa89df72dd2a855e4,1768003200000,vntl:ANTHROPIC,-1.470487,funding,2026-01-10 00:00:00+00:00
0x9ef0c73fb9c3b96dde6b709fa89df72dd2a855e4,1768003200000,vntl:OPENAI,-3.752627,funding,2026-01-10 00:00:00+00:00
0x9ef0c73fb9c3b96dde6b709fa89df72dd2a855e4,1768003200000,vntl:SPACEX,-77.928443,funding,2026-01-10 00:00:00+00:00
0x9ef0c73fb9c3b96dde6b709fa89df72dd2a855e4,1768089600000,vntl:ANTHROPIC,-1.466503,funding,2026-01-11 00:00:00+00:00
0x9ef0c73fb9c3b96dde6b709fa89df72dd2a855e4,1768089600000,vntl:OPENAI,-1.863353,funding,2026-01-11 00:00:00+00:00
0x9ef0c73fb9c3b96dde6b709fa89df72dd2a855e4,1768089600000,vntl:SPACEX,-80.670449,funding,2026-01-11 00:00:00+00:00
0x9ef0c73fb9c3b96dde6b709fa89df72dd2a855e4,1768176000000,vntl:ANTHROPIC,-1.463619,funding,2026-01-12 00:00:00+00:00
0x9ef0c73fb9c3b96dde6b709fa89df72dd2a855e4,1768176000000,vntl:OPENAI,-0.770318,funding,2026-01-12 00:00:00+00:00
0x9ef0c73fb9c3b96dde6b709fa89df72dd2a855e4,1768176000000,vntl:SPACEX,-77.35652,funding,2026-01-12 00:00:00+00:00
0x9ef0c73fb9c3b96dde6b709fa89df72dd2a855e4,1768262400000,vntl:ANTHROPIC,-1.552042,funding,2026-01-13 00:00:00+00:00
0x9ef0c73fb9c3b96dde6b709fa89df72dd2a855e4,1768262400000,vntl:SPACEX,-73.003046,funding,2026-01-13 00:00:00+00:00
0x9ef0c73fb9c3b96dde6b709fa89df72dd2a855e4,1768348800000,vntl:ANTHROPIC,133.285926,funding,2026-01-14 00:00:00+00:00
0x9ef0c73fb9c3b96dde6b709fa89df72dd2a855e4,1768348800000,vntl:SPACEX,-61.281628,funding,2026-01-14 00:00:00+00:00
0x9ef0c73fb9c3b96dde6b709fa89df72dd2a855e4,1768435200000,vntl:ANTHROPIC,285.990316,funding,2026-01-15 00:00:00+00:00
0x9ef0c73fb9c3b96dde6b709fa89df72dd2a855e4,1768435200000,vntl:SPACEX,-54.685898,funding,2026-01-15 00:00:00+00:00
0x9ef0c73fb9c3b96dde6b709fa89df72dd2a855e4,1768521600000,vntl:ANTHROPIC,3.747267,funding,2026-01-16 00:00:00+00:00
0x9ef0c73fb9c3b96dde6b709fa89df72dd2a855e4,1768521600000,vntl:SPACEX,-55.641483,funding,2026-01-16 00:00:00+00:00
0x9ef0c73fb9c3b96dde6b709fa89df72dd2a855e4,1768608000000,vntl:ANTHROPIC,3.226461,funding,2026-01-17 00:00:00+00:00
0x9ef0c73fb9c3b96dde6b709fa89df72dd2a855e4,1768608000000,vntl:SPACEX,-51.645967,funding,2026-01-17 00:00:00+00:00
0x9ef0c73fb9c3b96dde6b709fa89df72dd2a855e4,1768694400000,vntl:ANTHROPIC,26.196788,funding,2026-01-18 00:00:00+00:00
0x9ef0c73fb9c3b96dde6b709fa89df72dd2a855e4,1768694400000,vntl:SPACEX,-51.542216,funding,2026-01-18 00:00:00+00:00
0x9ef0c73fb9c3b96dde6b709fa89df72dd2a855e4,1768780800000,vntl:ANTHROPIC,1.509191,funding,2026-01-19 00:00:00+00:00
0x9ef0c73fb9c3b96dde6b709fa89df72dd2a855e4,1768780800000,vntl:OPENAI,1.055333,funding,2026-01-19 00:00:00+00:00
0x9ef0c73fb9c3b96dde6b709fa89df72dd2a855e4,1768780800000,vntl:SPACEX,-51.15698,funding,2026-01-19 00:00:00+00:00
0x9ef0c73fb9c3b96dde6b709fa89df72dd2a855e4,1768867200000,vntl:ANTHROPIC,1.306535,funding,2026-01-20 00:00:00+00:00
0x9ef0c73fb9c3b96dde6b709fa89df72dd2a855e4,1768867200000,vntl:OPENAI,5.885915,funding,2026-01-20 00:00:00+00:00
0x9ef0c73fb9c3b96dde6b709fa89df72dd2a855e4,1768867200000,vntl:SPACEX,-53.759084,funding,2026-01-20 00:00:00+00:00
0x9ef0c73fb9c3b96dde6b709fa89df72dd2a855e4,1768953600000,vntl:ANTHROPIC,0.545407,funding,2026-01-21 00:00:00+00:00
0x9ef0c73fb9c3b96dde6b709fa89df72dd2a855e4,1768953600000,vntl:OPENAI,7.603331,funding,2026-01-21 00:00:00+00:00
0x9ef0c73fb9c3b96dde6b709fa89df72dd2a855e4,1768953600000,vntl:SPACEX,-64.579851,funding,2026-01-21 00:00:00+00:00
0x9ef0c73fb9c3b96dde6b709fa89df72dd2a855e4,1769040000000,vntl:ANTHROPIC,2.501999,funding,2026-01-22 00:00:00+00:00
0x9ef0c73fb9c3b96dde6b709fa89df72dd2a855e4,1769040000000,vntl:OPENAI,5.568266,funding,2026-01-22 00:00:00+00:00
0x9ef0c73fb9c3b96dde6b709fa89df72dd2a855e4,1769040000000,vntl:SPACEX,-66.491893,funding,2026-01-22 00:00:00+00:00
0x9ef0c73fb9c3b96dde6b709fa89df72dd2a855e4,1769126400000,vntl:ANTHROPIC,7.047386,funding,2026-01-23 00:00:00+00:00
0x9ef0c73fb9c3b96dde6b709fa89df72dd2a855e4,1769126400000,vntl:OPENAI,1.901127,funding,2026-01-23 00:00:00+00:00
0x9ef0c73fb9c3b96dde6b709fa89df72dd2a855e4,1769126400000,vntl:SPACEX,-54.302865,funding,2026-01-23 00:00:00+00:00
0x9ef0c73fb9c3b96dde6b709fa89df72dd2a855e4,1769212800000,vntl:ANTHROPIC,7.594825,funding,2026-01-24 00:00:00+00:00
0x9ef0c73fb9c3b96dde6b709fa89df72dd2a855e4,1769212800000,vntl:OPENAI,0.761376,funding,2026-01-24 00:00:00+00:00
0x9ef0c73fb9c3b96dde6b709fa89df72dd2a855e4,1769212800000,vntl:SPACEX,-53.461715,funding,2026-01-24 00:00:00+00:00
0x9ef0c73fb9c3b96dde6b709fa89df72dd2a855e4,1769299200000,vntl:ANTHROPIC,8.281029,funding,2026-01-25 00:00:00+00:00
0x9ef0c73fb9c3b96dde6b709fa89df72dd2a855e4,1769299200000,vntl:OPENAI,-2.996653,funding,2026-01-25 00:00:00+00:00
0x9ef0c73fb9c3b96dde6b709fa89df72dd2a855e4,1769299200000,vntl:SPACEX,-71.856435,funding,2026-01-25 00:00:00+00:00
0x9ef0c73fb9c3b96dde6b709fa89df72dd2a855e4,1769385600000,vntl:ANTHROPIC,11.319245,funding,2026-01-26 00:00:00+00:00
0x9ef0c73fb9c3b96dde6b709fa89df72dd2a855e4,1769385600000,vntl:OPENAI,-3.020902,funding,2026-01-26 00:00:00+00:00
0x9ef0c73fb9c3b96dde6b709fa89df72dd2a855e4,1769385600000,vntl:SPACEX,-119.429361,funding,2026-01-26 00:00:00+00:00
0x9ef0c73fb9c3b96dde6b709fa89df72dd2a855e4,1769472000000,vntl:ANTHROPIC,11.52769,funding,2026-01-27 00:00:00+00:00
0x9ef0c73fb9c3b96dde6b709fa89df72dd2a855e4,1769472000000,vntl:OPENAI,-5.119789,funding,2026-01-27 00:00:00+00:00
0x9ef0c73fb9c3b96dde6b709fa89df72dd2a855e4,1769472000000,vntl:SPACEX,-90.436274,funding,2026-01-27 00:00:00+00:00
0x9ef0c73fb9c3b96dde6b709fa89df72dd2a855e4,1769558400000,vntl:ANTHROPIC,17.939033,funding,2026-01-28 00:00:00+00:00
0x9ef0c73fb9c3b96dde6b709fa89df72dd2a855e4,1769558400000,vntl:OPENAI,-7.479849,funding,2026-01-28 00:00:00+00:00
0x9ef0c73fb9c3b96dde6b709fa89df72dd2a855e4,1769558400000,vntl:SPACEX,-94.046845,funding,2026-01-28 00:00:00+00:00
0x9ef0c73fb9c3b96dde6b709fa89df72dd2a855e4,1769644800000,vntl:ANTHROPIC,13.664373,funding,2026-01-29 00:00:00+00:00
0x9ef0c73fb9c3b96dde6b709fa89df72dd2a855e4,1769644800000,vntl:OPENAI,-12.579642,funding,2026-01-29 00:00:00+00:00
0x9ef0c73fb9c3b96dde6b709fa89df72dd2a855e4,1769644800000,vntl:SPACEX,-113.4526,funding,2026-01-29 00:00:00+00:00
0x9ef0c73fb9c3b96dde6b709fa89df72dd2a855e4,1769731200000,vntl:ANTHROPIC,-1314.136156,funding,2026-01-30 00:00:00+00:00
0x9ef0c73fb9c3b96dde6b709fa89df72dd2a855e4,1769731200000,vntl:OPENAI,-30.148322,funding,2026-01-30 00:00:00+00:00
0x9ef0c73fb9c3b96dde6b709fa89df72dd2a855e4,1769731200000,vntl:SPACEX,-135.550022,funding,2026-01-30 00:00:00+00:00
0x9ef0c73fb9c3b96dde6b709fa89df72dd2a855e4,1769817600000,vntl:ANTHROPIC,-112.132466,funding,2026-01-31 00:00:00+00:00
0x9ef0c73fb9c3b96dde6b709fa89df72dd2a855e4,1769817600000,vntl:OPENAI,-39.050661,funding,2026-01-31 00:00:00+00:00
0x9ef0c73fb9c3b96dde6b709fa89df72dd2a855e4,1769817600000,vntl:SPACEX,-157.835482,funding,2026-01-31 00:00:00+00:00
0x9ef0c73fb9c3b96dde6b709fa89df72dd2a855e4,1769904000000,vntl:ANTHROPIC,-2.841512,funding,2026-02-01 00:00:00+00:00
0x9ef0c73fb9c3b96dde6b709fa89df72dd2a855e4,1769904000000,vntl:OPENAI,-50.346508,funding,2026-02-01 00:00:00+00:00
0x9ef0c73fb9c3b96dde6b709fa89df72dd2a855e4,1769904000000,vntl:SPACEX,-152.852092,funding,2026-02-01 00:00:00+00:00
0x9ef0c73fb9c3b96dde6b709fa89df72dd2a855e4,1769990400000,vntl:ANTHROPIC,-3.480522,funding,2026-02-02 00:00:00+00:00
0x9ef0c73fb9c3b96dde6b709fa89df72dd2a855e4,1769990400000,vntl:OPENAI,-54.220697,funding,2026-02-02 00:00:00+00:00
0x9ef0c73fb9c3b96dde6b709fa89df72dd2a855e4,1769990400000,vntl:SPACEX,-154.499073,funding,2026-02-02 00:00:00+00:00
0x9ef0c73fb9c3b96dde6b709fa89df72dd2a855e4,1770076800000,vntl:ANTHROPIC,-2.492368,funding,2026-02-03 00:00:00+00:00
0x9ef0c73fb9c3b96dde6b709fa89df72dd2a855e4,1770076800000,vntl:OPENAI,-54.586176,funding,2026-02-03 00:00:00+00:00
0x9ef0c73fb9c3b96dde6b709fa89df72dd2a855e4,1770076800000,vntl:SPACEX,-180.585089,funding,2026-02-03 00:00:00+00:00
0x9ef0c73fb9c3b96dde6b709fa89df72dd2a855e4,1770163200000,vntl:OPENAI,-122.432968,funding,2026-02-04 00:00:00+00:00
0x9ef0c73fb9c3b96dde6b709fa89df72dd2a855e4,1770163200000,vntl:SPACEX,-143.081801,funding,2026-02-04 00:00:00+00:00
0x9ef0c73fb9c3b96dde6b709fa89df72dd2a855e4,1770249600000,vntl:OPENAI,-7.892241,funding,2026-02-05 00:00:00+00:00
0x9ef0c73fb9c3b96dde6b709fa89df72dd2a855e4,1770249600000,vntl:SPACEX,-141.119386,funding,2026-02-05 00:00:00+00:00
0x9ef0c73fb9c3b96dde6b709fa89df72dd2a855e4,1770336000000,vntl:OPENAI,-289.772573,funding,2026-02-06 00:00:00+00:00
0x9ef0c73fb9c3b96dde6b709fa89df72dd2a855e4,1770336000000,vntl:SPACEX,-154.128068,funding,2026-02-06 00:00:00+00:00
0x9ef0c73fb9c3b96dde6b709fa89df72dd2a855e4,1770422400000,vntl:OPENAI,-428.301973,funding,2026-02-07 00:00:00+00:00
0x9ef0c73fb9c3b96dde6b709fa89df72dd2a855e4,1770422400000,vntl:SPACEX,-148.231274,funding,2026-02-07 00:00:00+00:00
0x9ef0c73fb9c3b96dde6b709fa89df72dd2a855e4,1770508800000,vntl:SPACEX,-151.554336,funding,2026-02-08 00:00:00+00:00
0x9ef0c73fb9c3b96dde6b709fa89df72dd2a855e4,1770595200000,vntl:SPACEX,-148.570791,funding,2026-02-09 00:00:00+00:00
0x9ef0c73fb9c3b96dde6b709fa89df72dd2a855e4,1770681600000,vntl:SPACEX,-144.212917,funding,2026-02-10 00:00:00+00:00
0x9ef0c73fb9c3b96dde6b709fa89df72dd2a855e4,1770768000000,vntl:SPACEX,-156.450951,funding,2026-02-11 00:00:00+00:00
0x9ef0c73fb9c3b96dde6b709fa89df72dd2a855e4,1770854400000,vntl:SPACEX,-163.36343,funding,2026-02-12 00:00:00+00:00
0x9ef0c73fb9c3b96dde6b709fa89df72dd2a855e4,1770940800000,vntl:SPACEX,-164.619049,funding,2026-02-13 00:00:00+00:00
0x9ef0c73fb9c3b96dde6b709fa89df72dd2a855e4,1771027200000,vntl:SPACEX,-162.112209,funding,2026-02-14 00:00:00+00:00
0x9ef0c73fb9c3b96dde6b709fa89df72dd2a855e4,1771113600000,vntl:SPACEX,-157.397912,funding,2026-02-15 00:00:00+00:00
0x9ef0c73fb9c3b96dde6b709fa89df72dd2a855e4,1771200000000,vntl:SPACEX,-157.92316,funding,2026-02-16 00:00:00+00:00
0x9ef0c73fb9c3b96dde6b709fa89df72dd2a855e4,1771286400000,vntl:SPACEX,-158.905222,funding,2026-02-17 00:00:00+00:00
0x9ef0c73fb9c3b96dde6b709fa89df72dd2a855e4,1771372800000,vntl:SPACEX,-153.661238,funding,2026-02-18 00:00:00+00:00
0x9ef0c73fb9c3b96dde6b709fa89df72dd2a855e4,1771459200000,vntl:OPENAI,-417.594849,funding,2026-02-19 00:00:00+00:00
0x9ef0c73fb9c3b96dde6b709fa89df72dd2a855e4,1771459200000,vntl:SPACEX,-163.973561,funding,2026-02-19 00:00:00+00:00
0x9ef0c73fb9c3b96dde6b709fa89df72dd2a855e4,1771545600000,vntl:OPENAI,-39.522886,funding,2026-02-20 00:00:00+00:00
0x9ef0c73fb9c3b96dde6b709fa89df72dd2a855e4,1771545600000,vntl:SPACEX,-28.127216,funding,2026-02-20 00:00:00+00:00
0x9ef0c73fb9c3b96dde6b709fa89df72dd2a855e4,1771632000000,vntl:OPENAI,-68.749031,funding,2026-02-21 00:00:00+00:00
0x9ef0c73fb9c3b96dde6b709fa89df72dd2a855e4,1771632000000,vntl:SPACEX,-22.808141,funding,2026-02-21 00:00:00+00:00
0x9ef0c73fb9c3b96dde6b709fa89df72dd2a855e4,1771718400000,vntl:OPENAI,-22.412762,funding,2026-02-22 00:00:00+00:00
0x9ef0c73fb9c3b96dde6b709fa89df72dd2a855e4,1771718400000,vntl:SPACEX,-11.000112,funding,2026-02-22 00:00:00+00:00
0x9ef0c73fb9c3b96dde6b709fa89df72dd2a855e4,1771804800000,vntl:OPENAI,-705.463797,funding,2026-02-23 00:00:00+00:00
0x9ef0c73fb9c3b96dde6b709fa89df72dd2a855e4,1771804800000,vntl:SPACEX,0.086495,funding,2026-02-23 00:00:00+00:00
0x9ef0c73fb9c3b96dde6b709fa89df72dd2a855e4,1771891200000,vntl:OPENAI,-2019.849459,funding,2026-02-24 00:00:00+00:00
0x9ef0c73fb9c3b96dde6b709fa89df72dd2a855e4,1771891200000,vntl:SPACEX,-8.416786,funding,2026-02-24 00:00:00+00:00
0x9ef0c73fb9c3b96dde6b709fa89df72dd2a855e4,1771977600000,vntl:OPENAI,-46.60352,funding,2026-02-25 00:00:00+00:00
0x9ef0c73fb9c3b96dde6b709fa89df72dd2a855e4,1771977600000,vntl:SPACEX,-10.526733,funding,2026-02-25 00:00:00+00:00
0x9ef0c73fb9c3b96dde6b709fa89df72dd2a855e4,1772064000000,vntl:OPENAI,-39.448029,funding,2026-02-26 00:00:00+00:00
0x9ef0c73fb9c3b96dde6b709fa89df72dd2a855e4,1772064000000,vntl:SPACEX,-9.955054,funding,2026-02-26 00:00:00+00:00
0x9ef0c73fb9c3b96dde6b709fa89df72dd2a855e4,1772150400000,vntl:OPENAI,-9026.713887,funding,2026-02-27 00:00:00+00:00
0x9ef0c73fb9c3b96dde6b709fa89df72dd2a855e4,1772150400000,vntl:SPACEX,-9.120249,funding,2026-02-27 00:00:00+00:00
0x9ef0c73fb9c3b96dde6b709fa89df72dd2a855e4,1772236800000,vntl:OPENAI,-19484.352757,funding,2026-02-28 00:00:00+00:00
0x9ef0c73fb9c3b96dde6b709fa89df72dd2a855e4,1772236800000,vntl:SPACEX,-7.56246,funding,2026-02-28 00:00:00+00:00
0x9ef0c73fb9c3b96dde6b709fa89df72dd2a855e4,1772323200000,vntl:OPENAI,-175.172052,funding,2026-03-01 00:00:00+00:00
0x9ef0c73fb9c3b96dde6b709fa89df72dd2a855e4,1772323200000,vntl:SPACEX,-7.205499,funding,2026-03-01 00:00:00+00:00
0x9ef0c73fb9c3b96dde6b709fa89df72dd2a855e4,1772409600000,vntl:OPENAI,-174.826714,funding,2026-03-02 00:00:00+00:00
0x9ef0c73fb9c3b96dde6b709fa89df72dd2a855e4,1772409600000,vntl:SPACEX,-7.286759,funding,2026-03-02 00:00:00+00:00
0x9ef0c73fb9c3b96dde6b709fa89df72dd2a855e4,1772496000000,vntl:OPENAI,-163.447282,funding,2026-03-03 00:00:00+00:00
0x9ef0c73fb9c3b96dde6b709fa89df72dd2a855e4,1772496000000,vntl:SPACEX,-7.740469,funding,2026-03-03 00:00:00+00:00
0x9ef0c73fb9c3b96dde6b709fa89df72dd2a855e4,1772582400000,vntl:OPENAI,-142.697141,funding,2026-03-04 00:00:00+00:00
0x9ef0c73fb9c3b96dde6b709fa89df72dd2a855e4,1772582400000,vntl:SPACEX,-8.218522,funding,2026-03-04 00:00:00+00:00
0x9ef0c73fb9c3b96dde6b709fa89df72dd2a855e4,1772668800000,vntl:OPENAI,-159.417906,funding,2026-03-05 00:00:00+00:00
0x9ef0c73fb9c3b96dde6b709fa89df72dd2a855e4,1772668800000,vntl:SPACEX,-8.832485,funding,2026-03-05 00:00:00+00:00
0x9ef0c73fb9c3b96dde6b709fa89df72dd2a855e4,1772755200000,vntl:OPENAI,-127.318137,funding,2026-03-06 00:00:00+00:00
0x9ef0c73fb9c3b96dde6b709fa89df72dd2a855e4,1772755200000,vntl:SPACEX,-10.253751,funding,2026-03-06 00:00:00+00:00
0x9ef0c73fb9c3b96dde6b709fa89df72dd2a855e4,1772841600000,vntl:OPENAI,-129.534115,funding,2026-03-07 00:00:00+00:00
0x9ef0c73fb9c3b96dde6b709fa89df72dd2a855e4,1772841600000,vntl:SPACEX,-9.508434,funding,2026-03-07 00:00:00+00:00
0x9ef0c73fb9c3b96dde6b709fa89df72dd2a855e4,1772928000000,vntl:OPENAI,-128.132717,funding,2026-03-08 00:00:00+00:00
0x9ef0c73fb9c3b96dde6b709fa89df72dd2a855e4,1772928000000,vntl:SPACEX,-9.469215,funding,2026-03-08 00:00:00+00:00
0x9ef0c73fb9c3b96dde6b709fa89df72dd2a855e4,1773014400000,vntl:OPENAI,-130.138037,funding,2026-03-09 00:00:00+00:00
0x9ef0c73fb9c3b96dde6b709fa89df72dd2a855e4,1773014400000,vntl:SPACEX,-9.187013,funding,2026-03-09 00:00:00+00:00
0x9ef0c73fb9c3b96dde6b709fa89df72dd2a855e4,1773100800042,vntl:SPACEX,-0.344222,funding,2026-03-10 00:00:00.042000+00:00
0x9ef0c73fb9c3b96dde6b709fa89df72dd2a855e4,1773100800042,vntl:OPENAI,-5.926805,funding,2026-03-10 00:00:00.042000+00:00
0x9ef0c73fb9c3b96dde6b709fa89df72dd2a855e4,1773104400084,vntl:SPACEX,-0.350548,funding,2026-03-10 01:00:00.084000+00:00
0x9ef0c73fb9c3b96dde6b709fa89df72dd2a855e4,1773104400084,vntl:OPENAI,-6.044351,funding,2026-03-10 01:00:00.084000+00:00
0x9ef0c73fb9c3b96dde6b709fa89df72dd2a855e4,1773108000013,vntl:SPACEX,-0.351945,funding,2026-03-10 02:00:00.013000+00:00
0x9ef0c73fb9c3b96dde6b709fa89df72dd2a855e4,1773108000013,vntl:OPENAI,-5.654826,funding,2026-03-10 02:00:00.013000+00:00
0x9ef0c73fb9c3b96dde6b709fa89df72dd2a855e4,1773111600052,vntl:SPACEX,-0.351309,funding,2026-03-10 03:00:00.052000+00:00
0x9ef0c73fb9c3b96dde6b709fa89df72dd2a855e4,1773111600052,vntl:OPENAI,-6.007793,funding,2026-03-10 03:00:00.052000+00:00
0x9ef0c73fb9c3b96dde6b709fa89df72dd2a855e4,1773115200041,vntl:SPACEX,-0.354573,funding,2026-03-10 04:00:00.041000+00:00
0x9ef0c73fb9c3b96dde6b709fa89df72dd2a855e4,1773115200041,vntl:OPENAI,-5.335844,funding,2026-03-10 04:00:00.041000+00:00
0x9ef0c73fb9c3b96dde6b709fa89df72dd2a855e4,1773118800054,vntl:SPACEX,-0.349203,funding,2026-03-10 05:00:00.054000+00:00
0x9ef0c73fb9c3b96dde6b709fa89df72dd2a855e4,1773118800054,vntl:OPENAI,-5.301923,funding,2026-03-10 05:00:00.054000+00:00
0x9ef0c73fb9c3b96dde6b709fa89df72dd2a855e4,1773122400137,vntl:SPACEX,-0.350069,funding,2026-03-10 06:00:00.137000+00:00
0x9ef0c73fb9c3b96dde6b709fa89df72dd2a855e4,1773122400137,vntl:OPENAI,-5.312435,funding,2026-03-10 06:00:00.137000+00:00
0x9ef0c73fb9c3b96dde6b709fa89df72dd2a855e4,1773126000065,vntl:SPACEX,-0.354215,funding,2026-03-10 07:00:00.065000+00:00
0x9ef0c73fb9c3b96dde6b709fa89df72dd2a855e4,1773126000065,vntl:OPENAI,-5.300885,funding,2026-03-10 07:00:00.065000+00:00
0x9ef0c73fb9c3b96dde6b709fa89df72dd2a855e4,1773129600052,vntl:SPACEX,-0.354844,funding,2026-03-10 08:00:00.052000+00:00
0x9ef0c73fb9c3b96dde6b709fa89df72dd2a855e4,1773129600052,vntl:OPENAI,-5.297867,funding,2026-03-10 08:00:00.052000+00:00
0x9ef0c73fb9c3b96dde6b709fa89df72dd2a855e4,1773133200017,vntl:SPACEX,-0.35758,funding,2026-03-10 09:00:00.017000+00:00
0x9ef0c73fb9c3b96dde6b709fa89df72dd2a855e4,1773133200017,vntl:OPENAI,-5.28735,funding,2026-03-10 09:00:00.017000+00:00
0x9ef0c73fb9c3b96dde6b709fa89df72dd2a855e4,1773136800060,vntl:SPACEX,-0.359907,funding,2026-03-10 10:00:00.060000+00:00
0x9ef0c73fb9c3b96dde6b709fa89df72dd2a855e4,1773136800060,vntl:OPENAI,-5.295231,funding,2026-03-10 10:00:00.060000+00:00
0x9ef0c73fb9c3b96dde6b709fa89df72dd2a855e4,1773140400011,vntl:SPACEX,-0.359517,funding,2026-03-10 11:00:00.011000+00:00
0x9ef0c73fb9c3b96dde6b709fa89df72dd2a855e4,1773140400011,vntl:OPENAI,-5.289672,funding,2026-03-10 11:00:00.011000+00:00
0x9ef0c73fb9c3b96dde6b709fa89df72dd2a855e4,1773144000038,vntl:SPACEX,-0.347754,funding,2026-03-10 12:00:00.038000+00:00
0x9ef0c73fb9c3b96dde6b709fa89df72dd2a855e4,1773144000038,vntl:OPENAI,-5.284948,funding,2026-03-10 12:00:00.038000+00:00
0x9ef0c73fb9c3b96dde6b709fa89df72dd2a855e4,1773147600061,vntl:SPACEX,-0.305203,funding,2026-03-10 13:00:00.061000+00:00
0x9ef0c73fb9c3b96dde6b709fa89df72dd2a855e4,1773147600061,vntl:OPENAI,-5.291323,funding,2026-03-10 13:00:00.061000+00:00
0x9ef0c73fb9c3b96dde6b709fa89df72dd2a855e4,1773151200027,vntl:SPACEX,-0.305932,funding,2026-03-10 14:00:00.027000+00:00
0x9ef0c73fb9c3b96dde6b709fa89df72dd2a855e4,1773151200027,vntl:OPENAI,-5.292392,funding,2026-03-10 14:00:00.027000+00:00
0x9ef0c73fb9c3b96dde6b709fa89df72dd2a855e4,1773154800083,vntl:SPACEX,-0.326535,funding,2026-03-10 15:00:00.083000+00:00
0x9ef0c73fb9c3b96dde6b709fa89df72dd2a855e4,1773154800083,vntl:OPENAI,-5.292232,funding,2026-03-10 15:00:00.083000+00:00
0x9ef0c73fb9c3b96dde6b709fa89df72dd2a855e4,1773158400045,vntl:SPACEX,-0.297068,funding,2026-03-10 16:00:00.045000+00:00
0x9ef0c73fb9c3b96dde6b709fa89df72dd2a855e4,1773158400045,vntl:OPENAI,-5.296128,funding,2026-03-10 16:00:00.045000+00:00
0x9ef0c73fb9c3b96dde6b709fa89df72dd2a855e4,1773162000004,vntl:SPACEX,-0.30877,funding,2026-03-10 17:00:00.004000+00:00
0x9ef0c73fb9c3b96dde6b709fa89df72dd2a855e4,1773162000004,vntl:OPENAI,-5.294576,funding,2026-03-10 17:00:00.004000+00:00
0x9ef0c73fb9c3b96dde6b709fa89df72dd2a855e4,1773165600018,vntl:SPACEX,-0.317885,funding,2026-03-10 18:00:00.018000+00:00
0x9ef0c73fb9c3b96dde6b709fa89df72dd2a855e4,1773165600018,vntl:OPENAI,-5.295372,funding,2026-03-10 18:00:00.018000+00:00
0x9ef0c73fb9c3b96dde6b709fa89df72dd2a855e4,1773169200049,vntl:SPACEX,-0.323,funding,2026-03-10 19:00:00.049000+00:00
0x9ef0c73fb9c3b96dde6b709fa89df72dd2a855e4,1773169200049,vntl:OPENAI,-5.308257,funding,2026-03-10 19:00:00.049000+00:00
0x9ef0c73fb9c3b96dde6b709fa89df72dd2a855e4,1773172800050,vntl:SPACEX,-0.328692,funding,2026-03-10 20:00:00.050000+00:00
0x9ef0c73fb9c3b96dde6b709fa89df72dd2a855e4,1773172800050,vntl:OPENAI,-5.288097,funding,2026-03-10 20:00:00.050000+00:00
0x9ef0c73fb9c3b96dde6b709fa89df72dd2a855e4,1773176400058,vntl:SPACEX,-0.334166,funding,2026-03-10 21:00:00.058000+00:00
0x9ef0c73fb9c3b96dde6b709fa89df72dd2a855e4,1773176400058,vntl:OPENAI,-5.303574,funding,2026-03-10 21:00:00.058000+00:00
0x9ef0c73fb9c3b96dde6b709fa89df72dd2a855e4,1773180000068,vntl:SPACEX,-0.33773,funding,2026-03-10 22:00:00.068000+00:00
0x9ef0c73fb9c3b96dde6b709fa89df72dd2a855e4,1773180000068,vntl:OPENAI,-5.298101,funding,2026-03-10 22:00:00.068000+00:00
0x9ef0c73fb9c3b96dde6b709fa89df72dd2a855e4,1773183600061,vntl:SPACEX,-0.337998,funding,2026-03-10 23:00:00.061000+00:00
0x9ef0c73fb9c3b96dde6b709fa89df72dd2a855e4,1773183600061,vntl:OPENAI,-5.298199,funding,2026-03-10 23:00:00.061000+00:00
0x9ef0c73fb9c3b96dde6b709fa89df72dd2a855e4,1773187200088,vntl:SPACEX,-0.338804,funding,2026-03-11 00:00:00.088000+00:00
0x9ef0c73fb9c3b96dde6b709fa89df72dd2a855e4,1773187200088,vntl:OPENAI,-5.296779,funding,2026-03-11 00:00:00.088000+00:00
0x9ef0c73fb9c3b96dde6b709fa89df72dd2a855e4,1773190800002,vntl:SPACEX,-0.329238,funding,2026-03-11 01:00:00.002000+00:00
0x9ef0c73fb9c3b96dde6b709fa89df72dd2a855e4,1773190800002,vntl:OPENAI,-6.005728,funding,2026-03-11 01:00:00.002000+00:00
0x9ef0c73fb9c3b96dde6b709fa89df72dd2a855e4,1773194400098,vntl:SPACEX,-0.32545,funding,2026-03-11 02:00:00.098000+00:00
0x9ef0c73fb9c3b96dde6b709fa89df72dd2a855e4,1773194400098,vntl:OPENAI,-5.941784,funding,2026-03-11 02:00:00.098000+00:00
0x9ef0c73fb9c3b96dde6b709fa89df72dd2a855e4,1773198000016,vntl:SPACEX,-0.328533,funding,2026-03-11 03:00:00.016000+00:00
0x9ef0c73fb9c3b96dde6b709fa89df72dd2a855e4,1773198000016,vntl:OPENAI,-5.803864,funding,2026-03-11 03:00:00.016000+00:00
0x9ef0c73fb9c3b96dde6b709fa89df72dd2a855e4,1773201600038,vntl:SPACEX,-0.330559,funding,2026-03-11 04:00:00.038000+00:00
0x9ef0c73fb9c3b96dde6b709fa89df72dd2a855e4,1773201600038,vntl:OPENAI,-5.320019,funding,2026-03-11 04:00:00.038000+00:00
0x9ef0c73fb9c3b96dde6b709fa89df72dd2a855e4,1773205200075,vntl:SPACEX,-0.331413,funding,2026-03-11 05:00:00.075000+00:00
0x9ef0c73fb9c3b96dde6b709fa89df72dd2a855e4,1773205200075,vntl:OPENAI,-5.322566,funding,2026-03-11 05:00:00.075000+00:00
0x9ef0c73fb9c3b96dde6b709fa89df72dd2a855e4,1773208800135,vntl:SPACEX,-0.3291,funding,2026-03-11 06:00:00.135000+00:00
0x9ef0c73fb9c3b96dde6b709fa89df72dd2a855e4,1773208800135,vntl:OPENAI,-5.323176,funding,2026-03-11 06:00:00.135000+00:00
0x9ef0c73fb9c3b96dde6b709fa89df72dd2a855e4,1773212400014,vntl:SPACEX,-0.330172,funding,2026-03-11 07:00:00.014000+00:00
0x9ef0c73fb9c3b96dde6b709fa89df72dd2a855e4,1773212400014,vntl:OPENAI,-5.327048,funding,2026-03-11 07:00:00.014000+00:00
0x9ef0c73fb9c3b96dde6b709fa89df72dd2a855e4,1773216000056,vntl:SPACEX,-0.400903,funding,2026-03-11 08:00:00.056000+00:00
0x9ef0c73fb9c3b96dde6b709fa89df72dd2a855e4,1773216000056,vntl:OPENAI,-5.324808,funding,2026-03-11 08:00:00.056000+00:00
0x9ef0c73fb9c3b96dde6b709fa89df72dd2a855e4,1773219600082,vntl:SPACEX,-0.392899,funding,2026-03-11 09:00:00.082000+00:00
0x9ef0c73fb9c3b96dde6b709fa89df72dd2a855e4,1773219600082,vntl:OPENAI,-5.325802,funding,2026-03-11 09:00:00.082000+00:00
0x9ef0c73fb9c3b96dde6b709fa89df72dd2a855e4,1773223200084,vntl:SPACEX,-0.380754,funding,2026-03-11 10:00:00.084000+00:00
0x9ef0c73fb9c3b96dde6b709fa89df72dd2a855e4,1773223200084,vntl:OPENAI,-5.328404,funding,2026-03-11 10:00:00.084000+00:00
0x9ef0c73fb9c3b96dde6b709fa89df72dd2a855e4,1773226800001,vntl:SPACEX,-0.374791,funding,2026-03-11 11:00:00.001000+00:00
0x9ef0c73fb9c3b96dde6b709fa89df72dd2a855e4,1773226800001,vntl:OPENAI,-5.306623,funding,2026-03-11 11:00:00.001000+00:00
0x9ef0c73fb9c3b96dde6b709fa89df72dd2a855e4,1773230400013,vntl:SPACEX,-0.355072,funding,2026-03-11 12:00:00.013000+00:00
0x9ef0c73fb9c3b96dde6b709fa89df72dd2a855e4,1773230400013,vntl:OPENAI,-5.314994,funding,2026-03-11 12:00:00.013000+00:00
0x9ef0c73fb9c3b96dde6b709fa89df72dd2a855e4,1773234000063,vntl:SPACEX,-0.346725,funding,2026-03-11 13:00:00.063000+00:00
0x9ef0c73fb9c3b96dde6b709fa89df72dd2a855e4,1773234000063,vntl:OPENAI,-5.307835,funding,2026-03-11 13:00:00.063000+00:00
0x9ef0c73fb9c3b96dde6b709fa89df72dd2a855e4,1773237600004,vntl:SPACEX,-0.347222,funding,2026-03-11 14:00:00.004000+00:00
0x9ef0c73fb9c3b96dde6b709fa89df72dd2a855e4,1773237600004,vntl:OPENAI,-5.297931,funding,2026-03-11 14:00:00.004000+00:00
0x9ef0c73fb9c3b96dde6b709fa89df72dd2a855e4,1773241200051,vntl:SPACEX,-0.347729,funding,2026-03-11 15:00:00.051000+00:00
0x9ef0c73fb9c3b96dde6b709fa89df72dd2a855e4,1773241200051,vntl:OPENAI,-5.294297,funding,2026-03-11 15:00:00.051000+00:00
0x9ef0c73fb9c3b96dde6b709fa89df72dd2a855e4,1773244800065,vntl:SPACEX,-0.340266,funding,2026-03-11 16:00:00.065000+00:00
0x9ef0c73fb9c3b96dde6b709fa89df72dd2a855e4,1773244800065,vntl:OPENAI,-5.291141,funding,2026-03-11 16:00:00.065000+00:00
0x9ef0c73fb9c3b96dde6b709fa89df72dd2a855e4,1773248400068,vntl:SPACEX,-0.352853,funding,2026-03-11 17:00:00.068000+00:00
0x9ef0c73fb9c3b96dde6b709fa89df72dd2a855e4,1773248400068,vntl:OPENAI,-5.289675,funding,2026-03-11 17:00:00.068000+00:00
0x9ef0c73fb9c3b96dde6b709fa89df72dd2a855e4,1773252000102,vntl:SPACEX,-0.35048,funding,2026-03-11 18:00:00.102000+00:00
0x9ef0c73fb9c3b96dde6b709fa89df72dd2a855e4,1773252000102,vntl:OPENAI,-5.171916,funding,2026-03-11 18:00:00.102000+00:00
0x9ef0c73fb9c3b96dde6b709fa89df72dd2a855e4,1773255600082,vntl:SPACEX,-0.364357,funding,2026-03-11 19:00:00.082000+00:00
0x9ef0c73fb9c3b96dde6b709fa89df72dd2a855e4,1773255600082,vntl:OPENAI,-5.311974,funding,2026-03-11 19:00:00.082000+00:00
0x9ef0c73fb9c3b96dde6b709fa89df72dd2a855e4,1773259200026,vntl:SPACEX,-0.360672,funding,2026-03-11 20:00:00.026000+00:00
0x9ef0c73fb9c3b96dde6b709fa89df72dd2a855e4,1773259200026,vntl:OPENAI,-5.229426,funding,2026-03-11 20:00:00.026000+00:00
0x9ef0c73fb9c3b96dde6b709fa89df72dd2a855e4,1773262800008,vntl:SPACEX,-0.352279,funding,2026-03-11 21:00:00.008000+00:00
0x9ef0c73fb9c3b96dde6b709fa89df72dd2a855e4,1773262800008,vntl:OPENAI,-5.232528,funding,2026-03-11 21:00:00.008000+00:00
0x9ef0c73fb9c3b96dde6b709fa89df72dd2a855e4,1773266400035,vntl:SPACEX,-0.358247,funding,2026-03-11 22:00:00.035000+00:00
0x9ef0c73fb9c3b96dde6b709fa89df72dd2a855e4,1773266400035,vntl:OPENAI,-5.229235,funding,2026-03-11 22:00:00.035000+00:00
0x9ef0c73fb9c3b96dde6b709fa89df72dd2a855e4,1773270000069,vntl:SPACEX,-0.372162,funding,2026-03-11 23:00:00.069000+00:00
0x9ef0c73fb9c3b96dde6b709fa89df72dd2a855e4,1773270000069,vntl:OPENAI,-5.232691,funding,2026-03-11 23:00:00.069000+00:00
0x9ef0c73fb9c3b96dde6b709fa89df72dd2a855e4,1773273600084,vntl:SPACEX,-0.367902,funding,2026-03-12 00:00:00.084000+00:00
0x9ef0c73fb9c3b96dde6b709fa89df72dd2a855e4,1773273600084,vntl:OPENAI,-5.220331,funding,2026-03-12 00:00:00.084000+00:00
0x9ef0c73fb9c3b96dde6b709fa89df72dd2a855e4,1773277200006,vntl:SPACEX,-0.367676,funding,2026-03-12 01:00:00.006000+00:00
0x9ef0c73fb9c3b96dde6b709fa89df72dd2a855e4,1773277200006,vntl:OPENAI,-5.223582,funding,2026-03-12 01:00:00.006000+00:00
0x9ef0c73fb9c3b96dde6b709fa89df72dd2a855e4,1773280800080,vntl:SPACEX,-0.364768,funding,2026-03-12 02:00:00.080000+00:00
0x9ef0c73fb9c3b96dde6b709fa89df72dd2a855e4,1773280800080,vntl:OPENAI,-5.221521,funding,2026-03-12 02:00:00.080000+00:00
0x9ef0c73fb9c3b96dde6b709fa89df72dd2a855e4,1773284400036,vntl:SPACEX,-0.361462,funding,2026-03-12 03:00:00.036000+00:00
0x9ef0c73fb9c3b96dde6b709fa89df72dd2a855e4,1773284400036,vntl:OPENAI,-5.214092,funding,2026-03-12 03:00:00.036000+00:00
0x9ef0c73fb9c3b96dde6b709fa89df72dd2a855e4,1773288000065,vntl:SPACEX,-0.377434,funding,2026-03-12 04:00:00.065000+00:00
0x9ef0c73fb9c3b96dde6b709fa89df72dd2a855e4,1773288000065,vntl:OPENAI,-5.195808,funding,2026-03-12 04:00:00.065000+00:00
0x9ef0c73fb9c3b96dde6b709fa89df72dd2a855e4,1773291600094,vntl:SPACEX,-0.351506,funding,2026-03-12 05:00:00.094000+00:00
0x9ef0c73fb9c3b96dde6b709fa89df72dd2a855e4,1773291600094,vntl:OPENAI,-5.203682,funding,2026-03-12 05:00:00.094000+00:00
0x9ef0c73fb9c3b96dde6b709fa89df72dd2a855e4,1773295200108,vntl:SPACEX,-0.362601,funding,2026-03-12 06:00:00.108000+00:00
0x9ef0c73fb9c3b96dde6b709fa89df72dd2a855e4,1773295200108,vntl:OPENAI,-5.196529,funding,2026-03-12 06:00:00.108000+00:00
0x9ef0c73fb9c3b96dde6b709fa89df72dd2a855e4,1773298800046,vntl:SPACEX,-0.357886,funding,2026-03-12 07:00:00.046000+00:00
0x9ef0c73fb9c3b96dde6b709fa89df72dd2a855e4,1773298800046,vntl:OPENAI,-5.196739,funding,2026-03-12 07:00:00.046000+00:00
0x9ef0c73fb9c3b96dde6b709fa89df72dd2a855e4,1773302400068,vntl:SPACEX,-0.364094,funding,2026-03-12 08:00:00.068000+00:00
0x9ef0c73fb9c3b96dde6b709fa89df72dd2a855e4,1773302400068,vntl:OPENAI,-5.192057,funding,2026-03-12 08:00:00.068000+00:00
0x9ef0c73fb9c3b96dde6b709fa89df72dd2a855e4,1773306000063,vntl:SPACEX,-0.364008,funding,2026-03-12 09:00:00.063000+00:00
0x9ef0c73fb9c3b96dde6b709fa89df72dd2a855e4,1773306000063,vntl:OPENAI,-5.131886,funding,2026-03-12 09:00:00.063000+00:00
0x9ef0c73fb9c3b96dde6b709fa89df72dd2a855e4,1773309600013,vntl:SPACEX,-0.366909,funding,2026-03-12 10:00:00.013000+00:00
0x9ef0c73fb9c3b96dde6b709fa89df72dd2a855e4,1773309600013,vntl:OPENAI,-5.174056,funding,2026-03-12 10:00:00.013000+00:00
0x9ef0c73fb9c3b96dde6b709fa89df72dd2a855e4,1773313200017,vntl:SPACEX,-0.336668,funding,2026-03-12 11:00:00.017000+00:00
0x9ef0c73fb9c3b96dde6b709fa89df72dd2a855e4,1773313200017,vntl:OPENAI,-5.160516,funding,2026-03-12 11:00:00.017000+00:00
0x9ef0c73fb9c3b96dde6b709fa89df72dd2a855e4,1773316800106,vntl:SPACEX,-0.345465,funding,2026-03-12 12:00:00.106000+00:00
0x9ef0c73fb9c3b96dde6b709fa89df72dd2a855e4,1773316800106,vntl:OPENAI,-5.146865,funding,2026-03-12 12:00:00.106000+00:00
0x9ef0c73fb9c3b96dde6b709fa89df72dd2a855e4,1773320400062,vntl:SPACEX,-0.363403,funding,2026-03-12 13:00:00.062000+00:00
0x9ef0c73fb9c3b96dde6b709fa89df72dd2a855e4,1773320400062,vntl:OPENAI,-5.148158,funding,2026-03-12 13:00:00.062000+00:00
0x9ef0c73fb9c3b96dde6b709fa89df72dd2a855e4,1773324000110,vntl:SPACEX,-0.350414,funding,2026-03-12 14:00:00.110000+00:00
0x9ef0c73fb9c3b96dde6b709fa89df72dd2a855e4,1773324000110,vntl:OPENAI,-5.157899,funding,2026-03-12 14:00:00.110000+00:00
0x9ef0c73fb9c3b96dde6b709fa89df72dd2a855e4,1773327600024,vntl:SPACEX,-0.359865,funding,2026-03-12 15:00:00.024000+00:00
0x9ef0c73fb9c3b96dde6b709fa89df72dd2a855e4,1773327600024,vntl:OPENAI,-5.13381,funding,2026-03-12 15:00:00.024000+00:00
0x9ef0c73fb9c3b96dde6b709fa89df72dd2a855e4,1773331200064,vntl:SPACEX,-0.376911,funding,2026-03-12 16:00:00.064000+00:00
0x9ef0c73fb9c3b96dde6b709fa89df72dd2a855e4,1773331200064,vntl:OPENAI,-5.14258,funding,2026-03-12 16:00:00.064000+00:00
0x9ef0c73fb9c3b96dde6b709fa89df72dd2a855e4,1773334800004,vntl:SPACEX,-0.363363,funding,2026-03-12 17:00:00.004000+00:00
0x9ef0c73fb9c3b96dde6b709fa89df72dd2a855e4,1773334800004,vntl:OPENAI,-5.143088,funding,2026-03-12 17:00:00.004000+00:00
0x9ef0c73fb9c3b96dde6b709fa89df72dd2a855e4,1773338400004,vntl:SPACEX,-0.363113,funding,2026-03-12 18:00:00.004000+00:00
0x9ef0c73fb9c3b96dde6b709fa89df72dd2a855e4,1773338400004,vntl:OPENAI,-5.140981,funding,2026-03-12 18:00:00.004000+00:00
0x9ef0c73fb9c3b96dde6b709fa89df72dd2a855e4,1773342000025,vntl:SPACEX,-0.369699,funding,2026-03-12 19:00:00.025000+00:00
0x9ef0c73fb9c3b96dde6b709fa89df72dd2a855e4,1773342000025,vntl:OPENAI,-5.134025,funding,2026-03-12 19:00:00.025000+00:00
0x9ef0c73fb9c3b96dde6b709fa89df72dd2a855e4,1773345600165,vntl:SPACEX,-0.357149,funding,2026-03-12 20:00:00.165000+00:00
0x9ef0c73fb9c3b96dde6b709fa89df72dd2a855e4,1773345600165,vntl:OPENAI,-5.145107,funding,2026-03-12 20:00:00.165000+00:00
0x9ef0c73fb9c3b96dde6b709fa89df72dd2a855e4,1773349200073,vntl:SPACEX,-0.364849,funding,2026-03-12 21:00:00.073000+00:00
0x9ef0c73fb9c3b96dde6b709fa89df72dd2a855e4,1773349200073,vntl:OPENAI,-5.132469,funding,2026-03-12 21:00:00.073000+00:00
0x9ef0c73fb9c3b96dde6b709fa89df72dd2a855e4,1773352800071,vntl:SPACEX,-0.349113,funding,2026-03-12 22:00:00.071000+00:00
0x9ef0c73fb9c3b96dde6b709fa89df72dd2a855e4,1773352800071,vntl:OPENAI,-5.142632,funding,2026-03-12 22:00:00.071000+00:00
0x9ef0c73fb9c3b96dde6b709fa89df72dd2a855e4,1773356400070,vntl:SPACEX,-0.352748,funding,2026-03-12 23:00:00.070000+00:00
0x9ef0c73fb9c3b96dde6b709fa89df72dd2a855e4,1773356400070,vntl:OPENAI,-5.139672,funding,2026-03-12 23:00:00.070000+00:00
0x9ef0c73fb9c3b96dde6b709fa89df72dd2a855e4,1773360000061,vntl:SPACEX,-0.372132,funding,2026-03-13 00:00:00.061000+00:00
0x9ef0c73fb9c3b96dde6b709fa89df72dd2a855e4,1773360000061,vntl:OPENAI,-5.139237,funding,2026-03-13 00:00:00.061000+00:00
0x9ef0c73fb9c3b96dde6b709fa89df72dd2a855e4,1773363600032,vntl:SPACEX,-0.378103,funding,2026-03-13 01:00:00.032000+00:00
0x9ef0c73fb9c3b96dde6b709fa89df72dd2a855e4,1773363600032,vntl:OPENAI,-5.130077,funding,2026-03-13 01:00:00.032000+00:00
0x9ef0c73fb9c3b96dde6b709fa89df72dd2a855e4,1773367200025,vntl:SPACEX,-0.364936,funding,2026-03-13 02:00:00.025000+00:00
0x9ef0c73fb9c3b96dde6b709fa89df72dd2a855e4,1773367200025,vntl:OPENAI,-5.141009,funding,2026-03-13 02:00:00.025000+00:00
0x9ef0c73fb9c3b96dde6b709fa89df72dd2a855e4,1773370800021,vntl:SPACEX,-0.378308,funding,2026-03-13 03:00:00.021000+00:00
0x9ef0c73fb9c3b96dde6b709fa89df72dd2a855e4,1773370800021,vntl:OPENAI,-5.136868,funding,2026-03-13 03:00:00.021000+00:00
0x9ef0c73fb9c3b96dde6b709fa89df72dd2a855e4,1773374400099,vntl:SPACEX,-0.376885,funding,2026-03-13 04:00:00.099000+00:00
0x9ef0c73fb9c3b96dde6b709fa89df72dd2a855e4,1773374400099,vntl:OPENAI,-5.133088,funding,2026-03-13 04:00:00.099000+00:00
0x9ef0c73fb9c3b96dde6b709fa89df72dd2a855e4,1773378000089,vntl:SPACEX,-0.381655,funding,2026-03-13 05:00:00.089000+00:00
0x9ef0c73fb9c3b96dde6b709fa89df72dd2a855e4,1773378000089,vntl:OPENAI,-5.131716,funding,2026-03-13 05:00:00.089000+00:00
0x9ef0c73fb9c3b96dde6b709fa89df72dd2a855e4,1773381600064,vntl:SPACEX,-0.382405,funding,2026-03-13 06:00:00.064000+00:00
0x9ef0c73fb9c3b96dde6b709fa89df72dd2a855e4,1773381600064,vntl:OPENAI,-5.172465,funding,2026-03-13 06:00:00.064000+00:00
0x9ef0c73fb9c3b96dde6b709fa89df72dd2a855e4,1773385200082,vntl:SPACEX,-0.367245,funding,2026-03-13 07:00:00.082000+00:00
0x9ef0c73fb9c3b96dde6b709fa89df72dd2a855e4,1773385200082,vntl:OPENAI,-5.128501,funding,2026-03-13 07:00:00.082000+00:00
0x9ef0c73fb9c3b96dde6b709fa89df72dd2a855e4,1773388800016,vntl:SPACEX,-0.378203,funding,2026-03-13 08:00:00.016000+00:00
0x9ef0c73fb9c3b96dde6b709fa89df72dd2a855e4,1773388800016,vntl:OPENAI,-5.16348,funding,2026-03-13 08:00:00.016000+00:00
0x9ef0c73fb9c3b96dde6b709fa89df72dd2a855e4,1773392400045,vntl:SPACEX,-0.373963,funding,2026-03-13 09:00:00.045000+00:00
0x9ef0c73fb9c3b96dde6b709fa89df72dd2a855e4,1773392400045,vntl:OPENAI,-5.152275,funding,2026-03-13 09:00:00.045000+00:00
0x9ef0c73fb9c3b96dde6b709fa89df72dd2a855e4,1773396000034,vntl:SPACEX,-0.376881,funding,2026-03-13 10:00:00.034000+00:00
0x9ef0c73fb9c3b96dde6b709fa89df72dd2a855e4,1773396000034,vntl:OPENAI,-5.155421,funding,2026-03-13 10:00:00.034000+00:00
0x9ef0c73fb9c3b96dde6b709fa89df72dd2a855e4,1773399600010,vntl:SPACEX,-0.37178,funding,2026-03-13 11:00:00.010000+00:00
0x9ef0c73fb9c3b96dde6b709fa89df72dd2a855e4,1773399600010,vntl:OPENAI,-5.167737,funding,2026-03-13 11:00:00.010000+00:00
0x9ef0c73fb9c3b96dde6b709fa89df72dd2a855e4,1773403200009,vntl:SPACEX,-0.386488,funding,2026-03-13 12:00:00.009000+00:00
0x9ef0c73fb9c3b96dde6b709fa89df72dd2a855e4,1773403200009,vntl:OPENAI,-5.169202,funding,2026-03-13 12:00:00.009000+00:00
0x9ef0c73fb9c3b96dde6b709fa89df72dd2a855e4,1773406800059,vntl:SPACEX,-0.380346,funding,2026-03-13 13:00:00.059000+00:00
0x9ef0c73fb9c3b96dde6b709fa89df72dd2a855e4,1773406800059,vntl:OPENAI,-5.175364,funding,2026-03-13 13:00:00.059000+00:00
0x9ef0c73fb9c3b96dde6b709fa89df72dd2a855e4,1773410400032,vntl:SPACEX,-0.381854,funding,2026-03-13 14:00:00.032000+00:00
0x9ef0c73fb9c3b96dde6b709fa89df72dd2a855e4,1773410400032,vntl:OPENAI,-5.173212,funding,2026-03-13 14:00:00.032000+00:00
0x9ef0c73fb9c3b96dde6b709fa89df72dd2a855e4,1773414000021,vntl:SPACEX,-0.370424,funding,2026-03-13 15:00:00.021000+00:00
0x9ef0c73fb9c3b96dde6b709fa89df72dd2a855e4,1773414000021,vntl:OPENAI,-5.175495,funding,2026-03-13 15:00:00.021000+00:00
0x9ef0c73fb9c3b96dde6b709fa89df72dd2a855e4,1773417600051,vntl:SPACEX,-0.381921,funding,2026-03-13 16:00:00.051000+00:00
0x9ef0c73fb9c3b96dde6b709fa89df72dd2a855e4,1773417600051,vntl:OPENAI,-5.177278,funding,2026-03-13 16:00:00.051000+00:00
0x9ef0c73fb9c3b96dde6b709fa89df72dd2a855e4,1773421200044,vntl:SPACEX,-0.385824,funding,2026-03-13 17:00:00.044000+00:00
0x9ef0c73fb9c3b96dde6b709fa89df72dd2a855e4,1773421200044,vntl:OPENAI,-5.178415,funding,2026-03-13 17:00:00.044000+00:00
0x9ef0c73fb9c3b96dde6b709fa89df72dd2a855e4,1773424800052,vntl:SPACEX,-0.383193,funding,2026-03-13 18:00:00.052000+00:00
0x9ef0c73fb9c3b96dde6b709fa89df72dd2a855e4,1773424800052,vntl:OPENAI,-5.178708,funding,2026-03-13 18:00:00.052000+00:00
0x9ef0c73fb9c3b96dde6b709fa89df72dd2a855e4,1773428400006,vntl:SPACEX,-0.390164,funding,2026-03-13 19:00:00.006000+00:00
0x9ef0c73fb9c3b96dde6b709fa89df72dd2a855e4,1773428400006,vntl:OPENAI,-5.187127,funding,2026-03-13 19:00:00.006000+00:00
0x9ef0c73fb9c3b96dde6b709fa89df72dd2a855e4,1773432000021,vntl:SPACEX,-0.387339,funding,2026-03-13 20:00:00.021000+00:00
0x9ef0c73fb9c3b96dde6b709fa89df72dd2a855e4,1773432000021,vntl:OPENAI,-5.182986,funding,2026-03-13 20:00:00.021000+00:00
0x9ef0c73fb9c3b96dde6b709fa89df72dd2a855e4,1773435600092,vntl:SPACEX,-0.381801,funding,2026-03-13 21:00:00.092000+00:00
0x9ef0c73fb9c3b96dde6b709fa89df72dd2a855e4,1773435600092,vntl:OPENAI,-5.187527,funding,2026-03-13 21:00:00.092000+00:00
0x9ef0c73fb9c3b96dde6b709fa89df72dd2a855e4,1773439200005,vntl:SPACEX,-0.387224,funding,2026-03-13 22:00:00.005000+00:00
0x9ef0c73fb9c3b96dde6b709fa89df72dd2a855e4,1773439200005,vntl:OPENAI,-5.191778,funding,2026-03-13 22:00:00.005000+00:00
0x9ef0c73fb9c3b96dde6b709fa89df72dd2a855e4,1773442800109,vntl:SPACEX,-0.407781,funding,2026-03-13 23:00:00.109000+00:00
0x9ef0c73fb9c3b96dde6b709fa89df72dd2a855e4,1773442800109,vntl:OPENAI,-5.19719,funding,2026-03-13 23:00:00.109000+00:00
0x9ef0c73fb9c3b96dde6b709fa89df72dd2a855e4,1773446400044,vntl:SPACEX,-0.409629,funding,2026-03-14 00:00:00.044000+00:00
0x9ef0c73fb9c3b96dde6b709fa89df72dd2a855e4,1773446400044,vntl:OPENAI,-5.195316,funding,2026-03-14 00:00:00.044000+00:00
0x9ef0c73fb9c3b96dde6b709fa89df72dd2a855e4,1773450000094,vntl:SPACEX,-0.408134,funding,2026-03-14 01:00:00.094000+00:00
0x9ef0c73fb9c3b96dde6b709fa89df72dd2a855e4,1773450000094,vntl:OPENAI,-5.210286,funding,2026-03-14 01:00:00.094000+00:00
0x9ef0c73fb9c3b96dde6b709fa89df72dd2a855e4,1773453600100,vntl:SPACEX,-0.408858,funding,2026-03-14 02:00:00.100000+00:00
0x9ef0c73fb9c3b96dde6b709fa89df72dd2a855e4,1773453600100,vntl:OPENAI,-5.20224,funding,2026-03-14 02:00:00.100000+00:00
0x9ef0c73fb9c3b96dde6b709fa89df72dd2a855e4,1773457200013,vntl:SPACEX,-0.385398,funding,2026-03-14 03:00:00.013000+00:00
0x9ef0c73fb9c3b96dde6b709fa89df72dd2a855e4,1773457200013,vntl:OPENAI,-5.062923,funding,2026-03-14 03:00:00.013000+00:00
0x9ef0c73fb9c3b96dde6b709fa89df72dd2a855e4,1773460800019,vntl:SPACEX,-0.36009,funding,2026-03-14 04:00:00.019000+00:00
0x9ef0c73fb9c3b96dde6b709fa89df72dd2a855e4,1773460800019,vntl:OPENAI,-5.163312,funding,2026-03-14 04:00:00.019000+00:00
0x9ef0c73fb9c3b96dde6b709fa89df72dd2a855e4,1773464400095,vntl:SPACEX,-0.353372,funding,2026-03-14 05:00:00.095000+00:00
0x9ef0c73fb9c3b96dde6b709fa89df72dd2a855e4,1773464400095,vntl:OPENAI,-5.111516,funding,2026-03-14 05:00:00.095000+00:00
0x9ef0c73fb9c3b96dde6b709fa89df72dd2a855e4,1773468000072,vntl:SPACEX,-0.349496,funding,2026-03-14 06:00:00.072000+00:00
0x9ef0c73fb9c3b96dde6b709fa89df72dd2a855e4,1773468000072,vntl:OPENAI,-5.084091,funding,2026-03-14 06:00:00.072000+00:00
0x9ef0c73fb9c3b96dde6b709fa89df72dd2a855e4,1773468000072,cash:META,-0.000643,funding,2026-03-14 06:00:00.072000+00:00
0x9ef0c73fb9c3b96dde6b709fa89df72dd2a855e4,1773471600036,vntl:SPACEX,-0.308654,funding,2026-03-14 07:00:00.036000+00:00
0x9ef0c73fb9c3b96dde6b709fa89df72dd2a855e4,1773471600036,vntl:OPENAI,-4.649517,funding,2026-03-14 07:00:00.036000+00:00
0x9ef0c73fb9c3b96dde6b709fa89df72dd2a855e4,1773471600036,cash:META,-0.006757,funding,2026-03-14 07:00:00.036000+00:00
0x9ef0c73fb9c3b96dde6b709fa89df72dd2a855e4,1773475200041,vntl:SPACEX,-0.295707,funding,2026-03-14 08:00:00.041000+00:00
0x9ef0c73fb9c3b96dde6b709fa89df72dd2a855e4,1773475200041,vntl:OPENAI,-4.681839,funding,2026-03-14 08:00:00.041000+00:00
0x9ef0c73fb9c3b96dde6b709fa89df72dd2a855e4,1773475200041,cash:META,-0.008287,funding,2026-03-14 08:00:00.041000+00:00
0x9ef0c73fb9c3b96dde6b709fa89df72dd2a855e4,1773478800025,vntl:SPACEX,-0.302756,funding,2026-03-14 09:00:00.025000+00:00
0x9ef0c73fb9c3b96dde6b709fa89df72dd2a855e4,1773478800025,vntl:OPENAI,-4.631353,funding,2026-03-14 09:00:00.025000+00:00
0x9ef0c73fb9c3b96dde6b709fa89df72dd2a855e4,1773478800025,cash:META,0.002422,funding,2026-03-14 09:00:00.025000+00:00
0x9ef0c73fb9c3b96dde6b709fa89df72dd2a855e4,1773482400098,vntl:SPACEX,-0.296817,funding,2026-03-14 10:00:00.098000+00:00
0x9ef0c73fb9c3b96dde6b709fa89df72dd2a855e4,1773482400098,vntl:OPENAI,-4.631682,funding,2026-03-14 10:00:00.098000+00:00
0x9ef0c73fb9c3b96dde6b709fa89df72dd2a855e4,1773482400098,cash:META,0.005014,funding,2026-03-14 10:00:00.098000+00:00
0x9ef0c73fb9c3b96dde6b709fa89df72dd2a855e4,1773486000047,vntl:SPACEX,-0.294704,funding,2026-03-14 11:00:00.047000+00:00
0x9ef0c73fb9c3b96dde6b709fa89df72dd2a855e4,1773486000047,vntl:OPENAI,-4.627772,funding,2026-03-14 11:00:00.047000+00:00
0x9ef0c73fb9c3b96dde6b709fa89df72dd2a855e4,1773486000047,cash:META,0.003458,funding,2026-03-14 11:00:00.047000+00:00
0x9ef0c73fb9c3b96dde6b709fa89df72dd2a855e4,1773489600020,vntl:SPACEX,-0.297649,funding,2026-03-14 12:00:00.020000+00:00
0x9ef0c73fb9c3b96dde6b709fa89df72dd2a855e4,1773489600020,vntl:OPENAI,-4.598141,funding,2026-03-14 12:00:00.020000+00:00
0x9ef0c73fb9c3b96dde6b709fa89df72dd2a855e4,1773489600020,cash:META,0.000935,funding,2026-03-14 12:00:00.020000+00:00
0x9ef0c73fb9c3b96dde6b709fa89df72dd2a855e4,1773493200042,vntl:SPACEX,-0.297233,funding,2026-03-14 13:00:00.042000+00:00
0x9ef0c73fb9c3b96dde6b709fa89df72dd2a855e4,1773493200042,vntl:OPENAI,-4.591658,funding,2026-03-14 13:00:00.042000+00:00
0x9ef0c73fb9c3b96dde6b709fa89df72dd2a855e4,1773493200042,cash:META,-0.002097,funding,2026-03-14 13:00:00.042000+00:00
0x9ef0c73fb9c3b96dde6b709fa89df72dd2a855e4,1773496800076,vntl:SPACEX,-0.298881,funding,2026-03-14 14:00:00.076000+00:00
0x9ef0c73fb9c3b96dde6b709fa89df72dd2a855e4,1773496800076,vntl:OPENAI,-4.594036,funding,2026-03-14 14:00:00.076000+00:00
0x9ef0c73fb9c3b96dde6b709fa89df72dd2a855e4,1773496800076,cash:META,-0.004945,funding,2026-03-14 14:00:00.076000+00:00
0x9ef0c73fb9c3b96dde6b709fa89df72dd2a855e4,1773500400009,vntl:SPACEX,-0.302504,funding,2026-03-14 15:00:00.009000+00:00
0x9ef0c73fb9c3b96dde6b709fa89df72dd2a855e4,1773500400009,vntl:OPENAI,-4.596245,funding,2026-03-14 15:00:00.009000+00:00
0x9ef0c73fb9c3b96dde6b709fa89df72dd2a855e4,1773500400009,cash:META,-0.005066,funding,2026-03-14 15:00:00.009000+00:00
0x9ef0c73fb9c3b96dde6b709fa89df72dd2a855e4,1773504000100,vntl:SPACEX,-0.304599,funding,2026-03-14 16:00:00.100000+00:00
0x9ef0c73fb9c3b96dde6b709fa89df72dd2a855e4,1773504000100,vntl:OPENAI,-4.595382,funding,2026-03-14 16:00:00.100000+00:00
0x9ef0c73fb9c3b96dde6b709fa89df72dd2a855e4,1773504000100,cash:META,-0.000176,funding,2026-03-14 16:00:00.100000+00:00
0x9ef0c73fb9c3b96dde6b709fa89df72dd2a855e4,1773507600061,vntl:SPACEX,-0.303642,funding,2026-03-14 17:00:00.061000+00:00
0x9ef0c73fb9c3b96dde6b709fa89df72dd2a855e4,1773507600061,vntl:OPENAI,-4.596282,funding,2026-03-14 17:00:00.061000+00:00
0x9ef0c73fb9c3b96dde6b709fa89df72dd2a855e4,1773507600061,cash:META,-0.003161,funding,2026-03-14 17:00:00.061000+00:00
0x9ef0c73fb9c3b96dde6b709fa89df72dd2a855e4,1773511200018,vntl:SPACEX,-0.3035,funding,2026-03-14 18:00:00.018000+00:00
0x9ef0c73fb9c3b96dde6b709fa89df72dd2a855e4,1773511200018,vntl:OPENAI,-4.596393,funding,2026-03-14 18:00:00.018000+00:00
0x9ef0c73fb9c3b96dde6b709fa89df72dd2a855e4,1773511200018,cash:META,-0.002031,funding,2026-03-14 18:00:00.018000+00:00
0x9ef0c73fb9c3b96dde6b709fa89df72dd2a855e4,1773514800048,vntl:SPACEX,-0.303696,funding,2026-03-14 19:00:00.048000+00:00
0x9ef0c73fb9c3b96dde6b709fa89df72dd2a855e4,1773514800048,vntl:OPENAI,-4.290618,funding,2026-03-14 19:00:00.048000+00:00
0x9ef0c73fb9c3b96dde6b709fa89df72dd2a855e4,1773514800048,cash:META,-0.003941,funding,2026-03-14 19:00:00.048000+00:00
0x9ef0c73fb9c3b96dde6b709fa89df72dd2a855e4,1773518400035,vntl:SPACEX,-0.304147,funding,2026-03-14 20:00:00.035000+00:00
0x9ef0c73fb9c3b96dde6b709fa89df72dd2a855e4,1773518400035,vntl:OPENAI,-4.290133,funding,2026-03-14 20:00:00.035000+00:00
0x9ef0c73fb9c3b96dde6b709fa89df72dd2a855e4,1773518400035,cash:META,-0.011316,funding,2026-03-14 20:00:00.035000+00:00
0x9ef0c73fb9c3b96dde6b709fa89df72dd2a855e4,1773522000015,vntl:SPACEX,-0.308355,funding,2026-03-14 21:00:00.015000+00:00
0x9ef0c73fb9c3b96dde6b709fa89df72dd2a855e4,1773522000015,vntl:OPENAI,-4.290656,funding,2026-03-14 21:00:00.015000+00:00
0x9ef0c73fb9c3b96dde6b709fa89df72dd2a855e4,1773522000015,cash:META,-0.007549,funding,2026-03-14 21:00:00.015000+00:00
0x9ef0c73fb9c3b96dde6b709fa89df72dd2a855e4,1773525600041,vntl:SPACEX,-0.308181,funding,2026-03-14 22:00:00.041000+00:00
0x9ef0c73fb9c3b96dde6b709fa89df72dd2a855e4,1773525600041,vntl:OPENAI,-4.291695,funding,2026-03-14 22:00:00.041000+00:00
0x9ef0c73fb9c3b96dde6b709fa89df72dd2a855e4,1773525600041,cash:META,-0.005222,funding,2026-03-14 22:00:00.041000+00:00
0x9ef0c73fb9c3b96dde6b709fa89df72dd2a855e4,1773529200044,vntl:SPACEX,-0.307625,funding,2026-03-14 23:00:00.044000+00:00
0x9ef0c73fb9c3b96dde6b709fa89df72dd2a855e4,1773529200044,vntl:OPENAI,-4.291545,funding,2026-03-14 23:00:00.044000+00:00
0x9ef0c73fb9c3b96dde6b709fa89df72dd2a855e4,1773529200044,cash:META,-0.004995,funding,2026-03-14 23:00:00.044000+00:00
0x9ef0c73fb9c3b96dde6b709fa89df72dd2a855e4,1773532800099,vntl:SPACEX,-0.307103,funding,2026-03-15 00:00:00.099000+00:00
0x9ef0c73fb9c3b96dde6b709fa89df72dd2a855e4,1773532800099,vntl:OPENAI,-4.291572,funding,2026-03-15 00:00:00.099000+00:00
0x9ef0c73fb9c3b96dde6b709fa89df72dd2a855e4,1773532800099,cash:META,-0.0085,funding,2026-03-15 00:00:00.099000+00:00
0x9ef0c73fb9c3b96dde6b709fa89df72dd2a855e4,1773536400102,vntl:SPACEX,-0.31912,funding,2026-03-15 01:00:00.102000+00:00
0x9ef0c73fb9c3b96dde6b709fa89df72dd2a855e4,1773536400102,vntl:OPENAI,-4.287436,funding,2026-03-15 01:00:00.102000+00:00
0x9ef0c73fb9c3b96dde6b709fa89df72dd2a855e4,1773536400102,cash:META,-0.014369,funding,2026-03-15 01:00:00.102000+00:00
0x9ef0c73fb9c3b96dde6b709fa89df72dd2a855e4,1773540000005,vntl:SPACEX,-0.317486,funding,2026-03-15 02:00:00.005000+00:00
0x9ef0c73fb9c3b96dde6b709fa89df72dd2a855e4,1773540000005,vntl:OPENAI,-4.291209,funding,2026-03-15 02:00:00.005000+00:00
0x9ef0c73fb9c3b96dde6b709fa89df72dd2a855e4,1773540000005,cash:META,-0.016397,funding,2026-03-15 02:00:00.005000+00:00
0x9ef0c73fb9c3b96dde6b709fa89df72dd2a855e4,1773543600130,vntl:SPACEX,-0.312246,funding,2026-03-15 03:00:00.130000+00:00
0x9ef0c73fb9c3b96dde6b709fa89df72dd2a855e4,1773543600130,vntl:OPENAI,-4.289126,funding,2026-03-15 03:00:00.130000+00:00
0x9ef0c73fb9c3b96dde6b709fa89df72dd2a855e4,1773543600130,cash:META,-0.024077,funding,2026-03-15 03:00:00.130000+00:00
0x9ef0c73fb9c3b96dde6b709fa89df72dd2a855e4,1773547200040,vntl:SPACEX,-0.309821,funding,2026-03-15 04:00:00.040000+00:00
0x9ef0c73fb9c3b96dde6b709fa89df72dd2a855e4,1773547200040,vntl:OPENAI,-4.134,funding,2026-03-15 04:00:00.040000+00:00
0x9ef0c73fb9c3b96dde6b709fa89df72dd2a855e4,1773547200040,cash:META,-0.032292,funding,2026-03-15 04:00:00.040000+00:00
0x9ef0c73fb9c3b96dde6b709fa89df72dd2a855e4,1773550800066,vntl:SPACEX,-0.305515,funding,2026-03-15 05:00:00.066000+00:00
0x9ef0c73fb9c3b96dde6b709fa89df72dd2a855e4,1773550800066,vntl:OPENAI,-4.136819,funding,2026-03-15 05:00:00.066000+00:00
0x9ef0c73fb9c3b96dde6b709fa89df72dd2a855e4,1773550800066,cash:META,-0.041624,funding,2026-03-15 05:00:00.066000+00:00
0x9ef0c73fb9c3b96dde6b709fa89df72dd2a855e4,1773554400010,vntl:SPACEX,-0.308292,funding,2026-03-15 06:00:00.010000+00:00
0x9ef0c73fb9c3b96dde6b709fa89df72dd2a855e4,1773554400010,vntl:OPENAI,-4.134532,funding,2026-03-15 06:00:00.010000+00:00
0x9ef0c73fb9c3b96dde6b709fa89df72dd2a855e4,1773554400010,cash:META,-0.035743,funding,2026-03-15 06:00:00.010000+00:00
0x9ef0c73fb9c3b96dde6b709fa89df72dd2a855e4,1773558000046,vntl:SPACEX,-0.316195,funding,2026-03-15 07:00:00.046000+00:00
0x9ef0c73fb9c3b96dde6b709fa89df72dd2a855e4,1773558000046,vntl:OPENAI,-4.133495,funding,2026-03-15 07:00:00.046000+00:00
0x9ef0c73fb9c3b96dde6b709fa89df72dd2a855e4,1773558000046,cash:META,-0.029076,funding,2026-03-15 07:00:00.046000+00:00
0x9ef0c73fb9c3b96dde6b709fa89df72dd2a855e4,1773561600003,vntl:SPACEX,-0.309253,funding,2026-03-15 08:00:00.003000+00:00
0x9ef0c73fb9c3b96dde6b709fa89df72dd2a855e4,1773561600003,vntl:OPENAI,-4.136347,funding,2026-03-15 08:00:00.003000+00:00
0x9ef0c73fb9c3b96dde6b709fa89df72dd2a855e4,1773561600003,cash:META,-0.020059,funding,2026-03-15 08:00:00.003000+00:00
0x9ef0c73fb9c3b96dde6b709fa89df72dd2a855e4,1773565200067,vntl:SPACEX,-0.31081,funding,2026-03-15 09:00:00.067000+00:00
0x9ef0c73fb9c3b96dde6b709fa89df72dd2a855e4,1773565200067,vntl:OPENAI,-4.135124,funding,2026-03-15 09:00:00.067000+00:00
0x9ef0c73fb9c3b96dde6b709fa89df72dd2a855e4,1773565200067,cash:META,-0.015995,funding,2026-03-15 09:00:00.067000+00:00
0x9ef0c73fb9c3b96dde6b709fa89df72dd2a855e4,1773568800003,vntl:SPACEX,-0.304122,funding,2026-03-15 10:00:00.003000+00:00
0x9ef0c73fb9c3b96dde6b709fa89df72dd2a855e4,1773568800003,vntl:OPENAI,-4.135434,funding,2026-03-15 10:00:00.003000+00:00
0x9ef0c73fb9c3b96dde6b709fa89df72dd2a855e4,1773568800003,cash:META,-0.015665,funding,2026-03-15 10:00:00.003000+00:00
0x9ef0c73fb9c3b96dde6b709fa89df72dd2a855e4,1773572400039,vntl:SPACEX,-0.308479,funding,2026-03-15 11:00:00.039000+00:00
0x9ef0c73fb9c3b96dde6b709fa89df72dd2a855e4,1773572400039,vntl:OPENAI,-4.136572,funding,2026-03-15 11:00:00.039000+00:00
0x9ef0c73fb9c3b96dde6b709fa89df72dd2a855e4,1773572400039,cash:META,-0.012505,funding,2026-03-15 11:00:00.039000+00:00
0x9ef0c73fb9c3b96dde6b709fa89df72dd2a855e4,1773576000060,vntl:SPACEX,-0.313639,funding,2026-03-15 12:00:00.060000+00:00
0x9ef0c73fb9c3b96dde6b709fa89df72dd2a855e4,1773576000060,vntl:OPENAI,-4.137785,funding,2026-03-15 12:00:00.060000+00:00
0x9ef0c73fb9c3b96dde6b709fa89df72dd2a855e4,1773576000060,cash:META,-0.009792,funding,2026-03-15 12:00:00.060000+00:00
0x9ef0c73fb9c3b96dde6b709fa89df72dd2a855e4,1773579600023,vntl:SPACEX,-0.309119,funding,2026-03-15 13:00:00.023000+00:00
0x9ef0c73fb9c3b96dde6b709fa89df72dd2a855e4,1773579600023,vntl:OPENAI,-4.097493,funding,2026-03-15 13:00:00.023000+00:00
0x9ef0c73fb9c3b96dde6b709fa89df72dd2a855e4,1773579600023,cash:META,-0.012694,funding,2026-03-15 13:00:00.023000+00:00
0x9ef0c73fb9c3b96dde6b709fa89df72dd2a855e4,1773583200023,vntl:SPACEX,-0.319372,funding,2026-03-15 14:00:00.023000+00:00
0x9ef0c73fb9c3b96dde6b709fa89df72dd2a855e4,1773583200023,vntl:OPENAI,-4.134023,funding,2026-03-15 14:00:00.023000+00:00
0x9ef0c73fb9c3b96dde6b709fa89df72dd2a855e4,1773583200023,cash:META,-0.011856,funding,2026-03-15 14:00:00.023000+00:00
0x9ef0c73fb9c3b96dde6b709fa89df72dd2a855e4,1773586800084,vntl:SPACEX,-0.320305,funding,2026-03-15 15:00:00.084000+00:00
0x9ef0c73fb9c3b96dde6b709fa89df72dd2a855e4,1773586800084,vntl:OPENAI,-4.117719,funding,2026-03-15 15:00:00.084000+00:00
